stateTime,Commit Pledge per 32GiB QAP
"2020-10-14","0.1702"
"2020-10-15","0.1662"
"2020-10-16","0.1761"
"2020-10-17","0.1837"
"2020-10-18","0.1893"
"2020-10-19","0.1888"
"2020-10-20","0.1900"
"2020-10-21","0.1920"
"2020-10-22","0.1962"
"2020-10-23","0.1954"
"2020-10-24","0.1925"
"2020-10-25","0.1928"
"2020-10-26","0.1940"
"2020-10-27","0.1933"
"2020-10-28","0.1946"
"2020-10-29","0.1950"
"2020-10-30","0.1955"
"2020-10-31","0.1982"
"2020-11-01","0.1981"
"2020-11-02","0.1977"
"2020-11-03","0.2006"
"2020-11-04","0.2008"
"2020-11-05","0.2014"
"2020-11-06","0.2025"
"2020-11-07","0.2050"
"2020-11-08","0.2058"
"2020-11-09","0.2040"
"2020-11-10","0.2063"
"2020-11-11","0.2074"
"2020-11-12","0.2071"
"2020-11-13","0.2088"
"2020-11-14","0.2127"
"2020-11-15","0.2109"
"2020-11-16","0.2118"
"2020-11-17","0.2138"
"2020-11-18","0.2148"
"2020-11-19","0.2154"
"2020-11-20","0.2163"
"2020-11-21","0.2182"
"2020-11-22","0.2190"
"2020-11-23","0.2201"
"2020-11-24","0.2373"
"2020-11-25","0.2398"
"2020-11-26","0.2395"
"2020-11-27","0.2398"
"2020-11-28","0.2407"
"2020-11-29","0.2398"
"2020-11-30","0.2415"
"2020-12-01","0.2423"
"2020-12-02","0.2428"
"2020-12-03","0.2426"
"2020-12-04","0.2431"
"2020-12-05","0.2450"
"2020-12-06","0.2447"
"2020-12-07","0.2451"
"2020-12-08","0.2460"
"2020-12-09","0.2468"
"2020-12-10","0.2469"
"2020-12-11","0.2477"
"2020-12-12","0.2488"
"2020-12-13","0.2478"
"2020-12-14","0.2484"
"2020-12-15","0.2500"
"2020-12-16","0.2499"
"2020-12-17","0.2506"
"2020-12-18","0.2510"
"2020-12-19","0.2154"
"2020-12-20","0.2509"
"2020-12-21","0.2413"
"2020-12-22","0.2484"
"2020-12-23","0.2538"
"2020-12-24","0.2569"
"2020-12-25","0.2564"
"2020-12-26","0.2563"
"2020-12-27","0.2574"
"2020-12-28","0.2581"
"2020-12-29","0.2593"
"2020-12-30","0.2592"
"2020-12-31","0.2596"
"2021-01-01","0.2603"
"2021-01-02","0.2609"
"2021-01-03","0.2617"
"2021-01-04","0.2626"
"2021-01-05","0.2634"
"2021-01-06","0.2638"
"2021-01-07","0.2639"
"2021-01-08","0.2646"
"2021-01-09","0.2658"
"2021-01-10","0.2666"
"2021-01-11","0.2671"
"2021-01-12","0.2680"
"2021-01-13","0.2688"
"2021-01-14","0.2694"
"2021-01-15","0.2697"
"2021-01-16","0.2712"
"2021-01-17","0.2707"
"2021-01-18","0.2708"
"2021-01-19","0.2720"
"2021-01-20","0.2735"
"2021-01-21","0.2747"
"2021-01-22","0.2745"
"2021-01-23","0.2746"
"2021-01-24","0.2754"
"2021-01-25","0.2764"
"2021-01-26","0.2767"
"2021-01-27","0.2769"
"2021-01-28","0.2775"
"2021-01-29","0.2784"
"2021-01-30","0.2792"
"2021-01-31","0.2796"
"2021-02-01","0.2802"
"2021-02-02","0.2806"
"2021-02-03","0.2812"
"2021-02-04","0.2823"
"2021-02-05","0.2826"
"2021-02-06","0.2829"
"2021-02-07","0.2835"
"2021-02-08","0.2840"
"2021-02-09","0.2845"
"2021-02-10","0.2856"
"2021-02-11","0.2861"
"2021-02-12","0.2869"
"2021-02-13","0.2873"
"2021-02-14","0.2883"
"2021-02-15","0.2894"
"2021-02-16","0.2903"
"2021-02-17","0.2906"
"2021-02-18","0.2913"
"2021-02-19","0.2924"
"2021-02-20","0.2927"
"2021-02-21","0.2931"
"2021-02-22","0.2941"
"2021-02-23","0.2952"
"2021-02-24","0.2949"
"2021-02-25","0.2955"
"2021-02-26","0.2964"
"2021-02-27","0.2970"
"2021-02-28","0.2975"
"2021-03-01","0.2984"
"2021-03-02","0.2993"
"2021-03-03","0.3003"
"2021-03-04","0.3007"
"2021-03-05","0.3009"
"2021-03-06","0.3015"
"2021-03-07","0.3019"
"2021-03-08","0.3024"
"2021-03-09","0.3028"
"2021-03-10","0.3033"
"2021-03-11","0.3040"
"2021-03-12","0.3044"
"2021-03-13","0.3051"
"2021-03-14","0.3056"
"2021-03-15","0.3061"
"2021-03-16","0.3067"
"2021-03-17","0.3073"
"2021-03-18","0.3080"
"2021-03-19","0.3086"
"2021-03-20","0.3090"
"2021-03-21","0.3095"
"2021-03-22","0.3100"
"2021-03-23","0.3103"
"2021-03-24","0.3108"
"2021-03-25","0.3114"
"2021-03-26","0.3119"
"2021-03-27","0.3120"
"2021-03-28","0.3124"
"2021-03-29","0.3129"
"2021-03-30","0.3134"
"2021-03-31","0.3140"
"2021-04-01","0.3132"
"2021-04-02","0.3097"
"2021-04-03","0.3090"
"2021-04-04","0.3062"
"2021-04-05","0.3045"
"2021-04-06","0.3036"
"2021-04-07","0.3020"
"2021-04-08","0.3004"
"2021-04-09","0.2985"
"2021-04-10","0.2973"
"2021-04-11","0.2961"
"2021-04-12","0.2976"
"2021-04-13","0.2946"
"2021-04-14","0.2914"
"2021-04-15","0.2903"
"2021-04-16","0.2897"
"2021-04-17","0.2867"
"2021-04-18","0.2847"
"2021-04-19","0.2833"
"2021-04-20","0.2813"
"2021-04-21","0.2796"
"2021-04-22","0.2784"
"2021-04-23","0.2763"
"2021-04-24","0.2736"
"2021-04-25","0.2723"
"2021-04-26","0.2712"
"2021-04-27","0.2698"
"2021-04-28","0.2704"
"2021-04-29","0.2679"
"2021-04-30","0.2666"
"2021-05-01","0.2643"
"2021-05-02","0.2632"
"2021-05-03","0.2610"
"2021-05-04","0.2596"
"2021-05-05","0.2583"
"2021-05-06","0.2575"
"2021-05-07","0.2565"
"2021-05-08","0.2551"
"2021-05-09","0.2534"
"2021-05-10","0.2520"
"2021-05-11","0.2514"
"2021-05-12","0.2499"
"2021-05-13","0.2486"
"2021-05-14","0.2472"
"2021-05-15","0.2457"
"2021-05-16","0.2450"
"2021-05-17","0.2440"
"2021-05-18","0.2424"
"2021-05-19","0.2413"
"2021-05-20","0.2404"
"2021-05-21","0.2387"
"2021-05-22","0.2374"
"2021-05-23","0.2370"
"2021-05-24","0.2361"
"2021-05-25","0.2351"
"2021-05-26","0.2340"
"2021-05-27","0.2331"
"2021-05-28","0.2335"
"2021-05-29","0.2336"
"2021-05-30","0.2317"
"2021-05-31","0.2298"
"2021-06-01","0.2292"
"2021-06-02","0.2362"
"2021-06-03","0.2324"
"2021-06-04","0.2262"
"2021-06-05","0.2263"
"2021-06-06","0.2248"
"2021-06-07","0.2240"
"2021-06-08","0.2236"
"2021-06-09","0.2231"
"2021-06-10","0.2227"
"2021-06-11","0.2225"
"2021-06-12","0.2218"
"2021-06-13","0.2223"
"2021-06-14","0.2193"
"2021-06-15","0.2187"
"2021-06-16","0.2184"
"2021-06-17","0.2180"
"2021-06-18","0.2172"
"2021-06-19","0.2172"
"2021-06-20","0.2162"
"2021-06-21","0.2152"
"2021-06-22","0.2150"
"2021-06-23","0.2146"
"2021-06-24","0.2137"
"2021-06-25","0.2133"
"2021-06-26","0.2126"
"2021-06-27","0.2123"
"2021-06-28","0.2122"
"2021-06-29","0.2120"
"2021-06-30","0.2151"
"2021-07-01","0.2125"
"2021-07-02","0.2106"
"2021-07-03","0.2103"
"2021-07-04","0.2106"
"2021-07-05","0.2084"
"2021-07-06","0.2077"
"2021-07-07","0.2069"
"2021-07-08","0.2060"
"2021-07-09","0.2050"
"2021-07-10","0.2038"
"2021-07-11","0.2037"
"2021-07-12","0.2024"
"2021-07-13","0.2011"
"2021-07-14","0.2000"
"2021-07-15","0.1996"
"2021-07-16","0.2029"
"2021-07-17","0.1977"
"2021-07-18","0.1959"
"2021-07-19","0.1985"
"2021-07-20","0.1957"
"2021-07-21","0.1943"
"2021-07-22","0.1957"
"2021-07-23","0.1928"
"2021-07-24","0.1914"
"2021-07-25","0.1912"
"2021-07-26","0.1906"
"2021-07-27","0.1900"
"2021-07-28","0.1902"
"2021-07-29","0.1890"
"2021-07-30","0.1879"
"2021-07-31","0.1870"
"2021-08-01","0.1863"
"2021-08-02","0.1855"
"2021-08-03","0.1846"
"2021-08-04","0.1839"
"2021-08-05","0.1835"
"2021-08-06","0.1827"
"2021-08-07","0.1818"
"2021-08-08","0.1812"
"2021-08-09","0.1805"
"2021-08-10","0.1799"
"2021-08-11","0.1792"
"2021-08-12","0.1785"
"2021-08-13","0.1781"
"2021-08-14","0.1774"
"2021-08-15","0.1767"
"2021-08-16","0.1763"
"2021-08-17","0.1757"
"2021-08-18","0.1751"
"2021-08-19","0.1742"
"2021-08-20","0.1739"
"2021-08-21","0.1729"
"2021-08-22","0.1722"
"2021-08-23","0.1717"
"2021-08-24","0.1712"
"2021-08-25","0.1705"
"2021-08-26","0.1698"
"2021-08-27","0.1692"
"2021-08-28","0.1685"
"2021-08-29","0.1679"
"2021-08-30","0.1673"
"2021-08-31","0.1667"
"2021-09-01","0.1660"
"2021-09-02","0.1654"
"2021-09-03","0.1646"
"2021-09-04","0.1641"
"2021-09-05","0.1636"
"2021-09-06","0.1631"
"2021-09-07","0.1625"
"2021-09-08","0.1622"
"2021-09-09","0.1615"
"2021-09-10","0.1608"
"2021-09-11","0.1603"
"2021-09-12","0.1597"
"2021-09-13","0.1590"
"2021-09-14","0.1586"
"2021-09-15","0.1581"
"2021-09-16","0.1574"
"2021-09-17","0.1569"
"2021-09-18","0.1565"
"2021-09-19","0.1560"
"2021-09-20","0.1555"
"2021-09-21","0.1551"
"2021-09-22","0.1546"
"2021-09-23","0.1542"
"2021-09-24","0.1538"
"2021-09-25","0.1533"
"2021-09-26","0.1528"
"2021-09-27","0.1524"
"2021-09-28","0.1522"
"2021-09-29","0.1519"
"2021-09-30","0.1516"
"2021-10-01","0.1508"
"2021-10-02","0.1504"
"2021-10-03","0.1502"
"2021-10-04","0.1500"
"2021-10-05","0.1494"
"2021-10-06","0.1491"
"2021-10-07","0.1490"
"2021-10-08","0.1491"
"2021-10-09","0.1487"
"2021-10-10","0.1483"
"2021-10-11","0.1482"
"2021-10-12","0.1480"
"2021-10-13","0.1477"
"2021-10-14","0.1479"
"2021-10-15","0.1477"
"2021-10-16","0.1473"
"2021-10-17","0.1471"
"2021-10-18","0.1472"
"2021-10-19","0.1470"
"2021-10-20","0.1467"
"2021-10-21","0.1469"
"2021-10-22","0.1468"
"2021-10-23","0.1467"
"2021-10-24","0.1467"
"2021-10-25","0.1469"
"2021-10-26","0.1474"
"2021-10-27","0.1464"
"2021-10-28","0.1461"
"2021-10-29","0.1459"
"2021-10-30","0.1460"
"2021-10-31","0.1460"
"2021-11-01","0.1461"
"2021-11-02","0.1459"
"2021-11-03","0.1457"
"2021-11-04","0.1456"
"2021-11-05","0.1455"
"2021-11-06","0.1455"
"2021-11-07","0.1455"
"2021-11-08","0.1455"
"2021-11-09","0.1463"
"2021-11-10","0.1460"
"2021-11-11","0.1454"
"2021-11-12","0.1456"
"2021-11-13","0.1453"
"2021-11-14","0.1454"
"2021-11-15","0.1457"
"2021-11-16","0.1458"
"2021-11-17","0.1459"
"2021-11-18","0.1456"
"2021-11-19","0.1457"
"2021-11-20","0.1455"
"2021-11-21","0.1456"
"2021-11-22","0.1461"
"2021-11-23","0.1465"
"2021-11-24","0.1463"
"2021-11-25","0.1463"
"2021-11-26","0.1464"
"2021-11-27","0.1463"
"2021-11-28","0.1463"
"2021-11-29","0.1465"
"2021-11-30","0.1468"
"2021-12-01","0.1468"
"2021-12-02","0.1467"
"2021-12-03","0.1467"
"2021-12-04","0.1469"
"2021-12-05","0.1476"
"2021-12-06","0.1476"
"2021-12-07","0.1470"
"2021-12-08","0.1472"
"2021-12-09","0.1475"
"2021-12-10","0.1476"
"2021-12-11","0.1476"
"2021-12-12","0.1475"
"2021-12-13","0.1477"
"2021-12-14","0.1479"
"2021-12-15","0.1479"
"2021-12-16","0.1481"
"2021-12-17","0.1480"
"2021-12-18","0.1481"
"2021-12-19","0.1482"
"2021-12-20","0.1483"
"2021-12-21","0.1486"
"2021-12-22","0.1489"
"2021-12-23","0.1484"
"2021-12-24","0.1481"
"2021-12-25","0.1482"
"2021-12-26","0.1483"
"2021-12-27","0.1484"
"2021-12-28","0.1486"
"2021-12-29","0.1487"
"2021-12-30","0.1487"
"2021-12-31","0.1486"
"2022-01-01","0.1485"
"2022-01-02","0.1485"
"2022-01-03","0.1487"
"2022-01-04","0.1489"
"2022-01-05","0.1500"
"2022-01-06","0.1493"
"2022-01-07","0.1489"
"2022-01-08","0.1489"
"2022-01-09","0.1490"
"2022-01-10","0.1494"
"2022-01-11","0.1494"
"2022-01-12","0.1492"
"2022-01-13","0.1493"
"2022-01-14","0.1493"
"2022-01-15","0.1494"
"2022-01-16","0.1494"
"2022-01-17","0.1495"
"2022-01-18","0.1494"
"2022-01-19","0.1496"
"2022-01-20","0.1496"
"2022-01-21","0.1497"
"2022-01-22","0.1497"
"2022-01-23","0.1500"
"2022-01-24","0.1498"
"2022-01-25","0.1500"
"2022-01-26","0.1500"
"2022-01-27","0.1497"
"2022-01-28","0.1496"
"2022-01-29","0.1497"
"2022-01-30","0.1499"
"2022-01-31","0.1499"
"2022-02-01","0.1500"
"2022-02-02","0.1501"
"2022-02-03","0.1503"
"2022-02-04","0.1505"
"2022-02-05","0.1508"
"2022-02-06","0.1509"
"2022-02-07","0.1509"
"2022-02-08","0.1510"
"2022-02-09","0.1512"
"2022-02-10","0.1513"
"2022-02-11","0.1518"
"2022-02-12","0.1519"
"2022-02-13","0.1518"
"2022-02-14","0.1527"
"2022-02-15","0.1532"
"2022-02-16","0.1532"
"2022-02-17","0.1536"
"2022-02-18","0.1538"
"2022-02-19","0.1541"
"2022-02-20","0.1546"
"2022-02-21","0.1550"
"2022-02-22","0.1551"
"2022-02-23","0.1554"
"2022-02-24","0.1556"
"2022-02-25","0.1560"
"2022-02-26","0.1563"
"2022-02-27","0.1572"
"2022-02-28","0.1611"
"2022-03-01","0.1601"
"2022-03-02","0.1588"
"2022-03-03","0.1581"
"2022-03-04","0.1580"
"2022-03-05","0.1582"
"2022-03-06","0.1583"
"2022-03-07","0.1582"
"2022-03-08","0.1584"
"2022-03-09","0.1587"
"2022-03-10","0.1591"
"2022-03-11","0.1593"
"2022-03-12","0.1594"
"2022-03-13","0.1596"
"2022-03-14","0.1599"
"2022-03-15","0.1607"
"2022-03-16","0.1608"
"2022-03-17","0.1609"
"2022-03-18","0.1610"
"2022-03-19","0.1608"
"2022-03-20","0.1611"
"2022-03-21","0.1614"
"2022-03-22","0.1614"
"2022-03-23","0.1615"
"2022-03-24","0.1618"
"2022-03-25","0.1620"
"2022-03-26","0.1621"
"2022-03-27","0.1622"
"2022-03-28","0.1623"
"2022-03-29","0.1625"
"2022-03-30","0.1628"
"2022-03-31","0.1636"
"2022-04-01","0.1633"
"2022-04-02","0.1631"
"2022-04-03","0.1633"
"2022-04-04","0.1635"
"2022-04-05","0.1638"
"2022-04-06","0.1640"
"2022-04-07","0.1640"
"2022-04-08","0.1641"
"2022-04-09","0.1642"
"2022-04-10","0.1652"
"2022-04-11","0.1649"
"2022-04-12","0.1655"
"2022-04-13","0.1656"
"2022-04-14","0.1647"
"2022-04-15","0.1654"
"2022-04-16","0.1655"
"2022-04-17","0.1656"
"2022-04-18","0.1655"
"2022-04-19","0.1655"
"2022-04-20","0.1656"
"2022-04-21","0.1657"
"2022-04-22","0.1656"
"2022-04-23","0.1658"
"2022-04-24","0.1661"
"2022-04-25","0.1664"
"2022-04-26","0.1662"
"2022-04-27","0.1663"
"2022-04-28","0.1661"
"2022-04-29","0.1662"
"2022-04-30","0.1664"
"2022-05-01","0.1665"
"2022-05-02","0.1668"
"2022-05-03","0.1671"
"2022-05-04","0.1670"
"2022-05-05","0.1669"
"2022-05-06","0.1670"
"2022-05-07","0.1678"
"2022-05-08","0.1680"
"2022-05-09","0.1681"
"2022-05-10","0.1680"
"2022-05-11","0.1680"
"2022-05-12","0.1683"
"2022-05-13","0.1682"
"2022-05-14","0.1683"
"2022-05-15","0.1686"
"2022-05-16","0.1687"
"2022-05-17","0.1688"
"2022-05-18","0.1688"
"2022-05-19","0.1685"
"2022-05-20","0.1682"
"2022-05-21","0.1682"
"2022-05-22","0.1683"
"2022-05-23","0.1685"
"2022-05-24","0.1683"
"2022-05-25","0.1684"
"2022-05-26","0.1685"
"2022-05-27","0.1687"
"2022-05-28","0.1687"
"2022-05-29","0.1684"
"2022-05-30","0.1684"
"2022-05-31","0.1689"
"2022-06-01","0.1687"
"2022-06-02","0.1685"
"2022-06-03","0.1686"
"2022-06-04","0.1686"
"2022-06-05","0.1687"
"2022-06-06","0.1688"
"2022-06-07","0.1689"
"2022-06-08","0.1689"
"2022-06-09","0.1688"
"2022-06-10","0.1689"
"2022-06-11","0.1692"
"2022-06-12","0.1687"
"2022-06-13","0.1687"
"2022-06-14","0.1690"
"2022-06-15","0.1702"
"2022-06-16","0.1711"
"2022-06-17","0.1704"
"2022-06-18","0.1686"
"2022-06-19","0.1689"
"2022-06-20","0.1699"
"2022-06-21","0.1697"
"2022-06-22","0.1693"
"2022-06-23","0.1690"
"2022-06-24","0.1691"
"2022-06-25","0.1695"
"2022-06-26","0.1702"
"2022-06-27","0.1694"
"2022-06-28","0.1690"
"2022-06-29","0.1696"
"2022-06-30","0.1696"
"2022-07-01","0.1696"
"2022-07-02","0.1693"
"2022-07-03","0.1692"
"2022-07-04","0.1695"
"2022-07-05","0.1708"
"2022-07-06","0.1783"
"2022-07-07","0.1764"
"2022-07-08","0.1736"
"2022-07-09","0.1719"
"2022-07-10","0.1712"
"2022-07-11","0.1716"
"2022-07-12","0.1712"
"2022-07-13","0.1712"
"2022-07-14","0.1729"
"2022-07-15","0.1735"
"2022-07-16","0.1731"
"2022-07-17","0.1731"
"2022-07-18","0.1729"
"2022-07-19","0.1729"
"2022-07-20","0.1731"
"2022-07-21","0.1737"
"2022-07-22","0.1740"
"2022-07-23","0.1743"
"2022-07-24","0.1740"
"2022-07-25","0.1741"
"2022-07-26","0.1744"
"2022-07-27","0.1742"
"2022-07-28","0.1744"
"2022-07-29","0.1748"
"2022-07-30","0.1750"
"2022-07-31","0.1752"
"2022-08-01","0.1754"
"2022-08-02","0.1758"
"2022-08-03","0.1758"
"2022-08-04","0.1759"
"2022-08-05","0.1758"
"2022-08-06","0.1760"
"2022-08-07","0.1766"
"2022-08-08","0.1769"
"2022-08-09","0.1769"
"2022-08-10","0.1771"
"2022-08-11","0.1777"
"2022-08-12","0.1778"
"2022-08-13","0.1773"
"2022-08-14","0.1775"
"2022-08-15","0.1788"
"2022-08-16","0.1804"
"2022-08-17","0.1789"
"2022-08-18","0.1778"
"2022-08-19","0.1781"
"2022-08-20","0.1783"
"2022-08-21","0.1786"
"2022-08-22","0.1788"
"2022-08-23","0.1789"
"2022-08-24","0.1789"
"2022-08-25","0.1791"
"2022-08-26","0.1800"
"2022-08-27","0.1797"
"2022-08-28","0.1798"
"2022-08-29","0.1801"
"2022-08-30","0.1800"
"2022-08-31","0.1804"
"2022-09-01","0.1806"
"2022-09-02","0.1805"
"2022-09-03","0.1807"
"2022-09-04","0.1806"
"2022-09-05","0.1809"
"2022-09-06","0.1811"
"2022-09-07","0.1812"
"2022-09-08","0.1811"
"2022-09-09","0.1812"
"2022-09-10","0.1815"
"2022-09-11","0.1815"
"2022-09-12","0.1819"
"2022-09-13","0.1823"
"2022-09-14","0.1822"
"2022-09-15","0.1824"
"2022-09-16","0.1825"
"2022-09-17","0.1823"
"2022-09-18","0.1824"
"2022-09-19","0.1825"
"2022-09-20","0.1824"
"2022-09-21","0.1828"
"2022-09-22","0.1833"
"2022-09-23","0.1833"
"2022-09-24","0.1833"
"2022-09-25","0.1840"
"2022-09-26","0.1841"
"2022-09-27","0.1842"
"2022-09-28","0.1839"
"2022-09-29","0.1846"
"2022-09-30","0.1849"
"2022-10-01","0.1846"
"2022-10-02","0.1844"
"2022-10-03","0.1841"
"2022-10-04","0.1846"
"2022-10-05","0.1849"
"2022-10-06","0.1846"
"2022-10-07","0.1865"
"2022-10-08","0.1891"
"2022-10-09","0.1866"
"2022-10-10","0.1849"
"2022-10-11","0.1843"
"2022-10-12","0.1844"
"2022-10-13","0.1847"
"2022-10-14","0.1850"
"2022-10-15","0.1851"
"2022-10-16","0.1854"
"2022-10-17","0.1859"
"2022-10-18","0.1858"
"2022-10-19","0.1856"
"2022-10-20","0.1860"
"2022-10-21","0.1865"
"2022-10-22","0.1872"
"2022-10-23","0.1871"
"2022-10-24","0.1873"
"2022-10-25","0.1878"
"2022-10-26","0.1878"
"2022-10-27","0.1874"
"2022-10-28","0.1878"
"2022-10-29","0.1879"
"2022-10-30","0.1883"
"2022-10-31","0.1925"
"2022-11-01","0.1951"
"2022-11-02","0.1950"
"2022-11-03","0.1947"
"2022-11-04","0.1951"
"2022-11-05","0.1953"
"2022-11-06","0.1950"
"2022-11-07","0.1953"
"2022-11-08","0.1952"
"2022-11-09","0.1951"
"2022-11-10","0.1955"
"2022-11-11","0.1953"
"2022-11-12","0.1950"
"2022-11-13","0.1954"
"2022-11-14","0.1956"
"2022-11-15","0.1951"
"2022-11-16","0.1950"
"2022-11-17","0.1950"
"2022-11-18","0.1952"
"2022-11-19","0.1957"
"2022-11-20","0.1959"
"2022-11-21","0.1957"
"2022-11-22","0.1957"
"2022-11-23","0.1962"
"2022-11-24","0.1959"
"2022-11-25","0.1961"
"2022-11-26","0.1956"
"2022-11-27","0.1961"
"2022-11-28","0.1963"
"2022-11-29","0.1975"
"2022-11-30","0.2024"
"2022-12-01","0.2008"
"2022-12-02","0.1987"
"2022-12-03","0.1973"
"2022-12-04","0.1973"
"2022-12-05","0.1978"
"2022-12-06","0.1981"
"2022-12-07","0.1984"
"2022-12-08","0.1987"
"2022-12-09","0.1985"
"2022-12-10","0.1987"
"2022-12-11","0.1989"
"2022-12-12","0.1992"
"2022-12-13","0.1994"
"2022-12-14","0.1994"
"2022-12-15","0.1993"
"2022-12-16","0.1991"
"2022-12-17","0.1991"
"2022-12-18","0.1991"
"2022-12-19","0.1997"
"2022-12-20","0.2007"
"2022-12-21","0.2010"
"2022-12-22","0.2005"
"2022-12-23","0.2007"
"2022-12-24","0.2011"
"2022-12-25","0.2015"
"2022-12-26","0.2019"
"2022-12-27","0.2024"
"2022-12-28","0.2028"
"2022-12-29","0.2033"
"2022-12-30","0.2049"
"2022-12-31","0.2057"
"2023-01-01","0.2062"
"2023-01-02","0.2060"
"2023-01-03","0.2063"
"2023-01-04","0.2064"
"2023-01-05","0.2076"
"2023-01-06","0.2070"
"2023-01-07","0.2072"
"2023-01-08","0.2081"
"2023-01-09","0.2087"
"2023-01-10","0.2090"
"2023-01-11","0.2092"
"2023-01-12","0.2088"
"2023-01-13","0.2091"
"2023-01-14","0.2103"
"2023-01-15","0.2108"
"2023-01-16","0.2110"
"2023-01-17","0.2110"
"2023-01-18","0.2117"
"2023-01-19","0.2112"
"2023-01-20","0.2106"
"2023-01-21","0.2107"
"2023-01-22","0.2108"
"2023-01-23","0.2115"
"2023-01-24","0.2120"
"2023-01-25","0.2125"
"2023-01-26","0.2132"
"2023-01-27","0.2137"
"2023-01-28","0.2138"
"2023-01-29","0.2141"
"2023-01-30","0.2158"
"2023-01-31","0.2169"
"2023-02-01","0.2167"
"2023-02-02","0.2163"
"2023-02-03","0.2167"
"2023-02-04","0.2173"
"2023-02-05","0.2179"
"2023-02-06","0.2174"
"2023-02-07","0.2174"
"2023-02-08","0.2175"
"2023-02-09","0.2175"
"2023-02-10","0.2180"
"2023-02-11","0.2178"
"2023-02-12","0.2180"
"2023-02-13","0.2181"
"2023-02-14","0.2184"
"2023-02-15","0.2183"
"2023-02-16","0.2184"
"2023-02-17","0.2182"
"2023-02-18","0.2176"
"2023-02-19","0.2176"
"2023-02-20","0.2177"
"2023-02-21","0.2174"
"2023-02-22","0.2172"
"2023-02-23","0.2175"
"2023-02-24","0.2178"
"2023-02-25","0.2173"
"2023-02-26","0.2183"
"2023-02-27","0.2204"
"2023-02-28","0.2194"
"2023-03-01","0.2176"
"2023-03-02","0.2172"
"2023-03-03","0.2171"
"2023-03-04","0.2171"
"2023-03-05","0.2171"
"2023-03-06","0.2171"
"2023-03-07","0.2169"
"2023-03-08","0.2168"
"2023-03-09","0.2170"
"2023-03-10","0.2169"
"2023-03-11","0.2168"
"2023-03-12","0.2166"
"2023-03-13","0.2174"
"2023-03-14","0.2193"
"2023-03-15","0.2179"
"2023-03-16","0.2168"
"2023-03-17","0.2169"
"2023-03-18","0.2168"
"2023-03-19","0.2164"
"2023-03-20","0.2163"
"2023-03-21","0.2166"
"2023-03-22","0.2168"
"2023-03-23","0.2165"
"2023-03-24","0.2163"
"2023-03-25","0.2168"
"2023-03-26","0.2163"
"2023-03-27","0.2164"
"2023-03-28","0.2165"
"2023-03-29","0.2163"
"2023-03-30","0.2163"
"2023-03-31","0.2165"
"2023-04-01","0.2167"
"2023-04-02","0.2160"
"2023-04-03","0.2161"
"2023-04-04","0.2160"
"2023-04-05","0.2158"
"2023-04-06","0.2159"
"2023-04-07","0.2160"
"2023-04-08","0.2160"
"2023-04-09","0.2161"
"2023-04-10","0.2164"
"2023-04-11","0.2168"
"2023-04-12","0.2167"
"2023-04-13","0.2169"
"2023-04-14","0.2165"
"2023-04-15","0.2163"
"2023-04-16","0.2167"
"2023-04-17","0.2165"
"2023-04-18","0.2163"
"2023-04-19","0.2161"
"2023-04-20","0.2164"
"2023-04-21","0.2159"
"2023-04-22","0.2161"
"2023-04-23","0.2164"
"2023-04-24","0.2171"
"2023-04-25","0.2172"
"2023-04-26","0.2183"
"2023-04-27","0.2239"
"2023-04-28","0.2219"
"2023-04-29","0.2175"
"2023-04-30","0.2161"
"2023-05-01","0.2153"
"2023-05-02","0.2146"
"2023-05-03","0.2142"
"2023-05-04","0.2142"
"2023-05-05","0.2140"
"2023-05-06","0.2137"
"2023-05-07","0.2134"
"2023-05-08","0.2128"
"2023-05-09","0.2124"
"2023-05-10","0.2123"
"2023-05-11","0.2125"
"2023-05-12","0.2125"
"2023-05-13","0.2115"
"2023-05-14","0.2114"
"2023-05-15","0.2130"
"2023-05-16","0.2137"
"2023-05-17","0.2117"
"2023-05-18","0.2135"
"2023-05-19","0.2111"
"2023-05-20","0.2101"
"2023-05-21","0.2098"
"2023-05-22","0.2097"
"2023-05-23","0.2096"
"2023-05-24","0.2091"
"2023-05-25","0.2085"
"2023-05-26","0.2083"
"2023-05-27","0.2081"
"2023-05-28","0.2078"
"2023-05-29","0.2075"
"2023-05-30","0.2081"
"2023-05-31","0.2077"
"2023-06-01","0.2070"
"2023-06-02","0.2082"
"2023-06-03","0.2079"
"2023-06-04","0.2062"
"2023-06-05","0.2061"
"2023-06-06","0.2061"
"2023-06-07","0.2056"
"2023-06-08","0.2052"
"2023-06-09","0.2049"
"2023-06-10","0.2046"
"2023-06-11","0.2044"
"2023-06-12","0.2045"
"2023-06-13","0.2043"
"2023-06-14","0.2039"
"2023-06-15","0.2045"
"2023-06-16","0.2041"
"2023-06-17","0.2038"
"2023-06-18","0.2036"
"2023-06-19","0.2035"
"2023-06-20","0.2030"
"2023-06-21","0.2027"
"2023-06-22","0.2028"
"2023-06-23","0.2025"
"2023-06-24","0.2024"
"2023-06-25","0.2028"
"2023-06-26","0.2027"
"2023-06-27","0.2027"
"2023-06-28","0.2027"
"2023-06-29","0.2032"
"2023-06-30","0.2028"
"2023-07-01","0.2022"
"2023-07-02","0.2021"
"2023-07-03","0.2020"
"2023-07-04","0.2013"
"2023-07-05","0.2012"
"2023-07-06","0.2012"
"2023-07-07","0.2006"
"2023-07-08","0.2005"
"2023-07-09","0.2008"
"2023-07-10","0.2005"
"2023-07-11","0.1996"
"2023-07-12","0.1993"
"2023-07-13","0.1989"
"2023-07-14","0.1987"
"2023-07-15","0.1992"
"2023-07-16","0.1992"
"2023-07-17","0.1984"
"2023-07-18","0.1983"
"2023-07-19","0.1981"
"2023-07-20","0.1976"
"2023-07-21","0.1978"
"2023-07-22","0.1971"
"2023-07-23","0.1968"
"2023-07-24","0.1967"
"2023-07-25","0.1966"
"2023-07-26","0.1962"
"2023-07-27","0.1959"
"2023-07-28","0.1958"
"2023-07-29","0.1959"
"2023-07-30","0.1955"
"2023-07-31","0.1951"
"2023-08-01","0.1949"
"2023-08-02","0.1947"
"2023-08-03","0.1944"
"2023-08-04","0.1944"
"2023-08-05","0.1946"
"2023-08-06","0.1939"
"2023-08-07","0.1935"
"2023-08-08","0.1932"
"2023-08-09","0.1933"
"2023-08-10","0.1928"
"2023-08-11","0.1923"
"2023-08-12","0.1923"
"2023-08-13","0.1929"
"2023-08-14","0.1930"
"2023-08-15","0.1930"
"2023-08-16","0.1931"
"2023-08-17","0.1929"
"2023-08-18","0.1925"
"2023-08-19","0.1922"
"2023-08-20","0.1918"
"2023-08-21","0.1919"
"2023-08-22","0.1919"
"2023-08-23","0.1918"
"2023-08-24","0.1914"
"2023-08-25","0.1912"
"2023-08-26","0.1912"
"2023-08-27","0.1918"
"2023-08-28","0.1928"
"2023-08-29","0.1921"
"2023-08-30","0.1918"
"2023-08-31","0.1919"
"2023-09-01","0.1922"
"2023-09-02","0.1922"
"2023-09-03","0.1922"
"2023-09-04","0.1922"
"2023-09-05","0.1919"
"2023-09-06","0.1919"
"2023-09-07","0.1919"
"2023-09-08","0.1916"
"2023-09-09","0.1913"
"2023-09-10","0.1912"
"2023-09-11","0.1914"
"2023-09-12","0.1912"
"2023-09-13","0.1910"
"2023-09-14","0.1907"
"2023-09-15","0.1907"
"2023-09-16","0.1904"
"2023-09-17","0.1902"
"2023-09-18","0.1901"
"2023-09-19","0.1902"
"2023-09-20","0.1900"
"2023-09-21","0.1901"
"2023-09-22","0.1898"
"2023-09-23","0.1901"
"2023-09-24","0.1902"
"2023-09-25","0.1898"
"2023-09-26","0.1896"
"2023-09-27","0.1903"
"2023-09-28","0.1900"
"2023-09-29","0.1900"
"2023-09-30","0.1909"
"2023-10-01","0.1914"
"2023-10-02","0.1915"
"2023-10-03","0.1918"
"2023-10-04","0.1919"
"2023-10-05","0.1921"
"2023-10-06","0.1927"
"2023-10-07","0.1930"
"2023-10-08","0.1931"
"2023-10-09","0.1927"
"2023-10-10","0.1925"
"2023-10-11","0.1925"
"2023-10-12","0.1938"
"2023-10-13","0.1936"
"2023-10-14","0.1920"
"2023-10-15","0.1922"
"2023-10-16","0.1926"
"2023-10-17","0.1924"
"2023-10-18","0.1924"
"2023-10-19","0.1926"
"2023-10-20","0.1930"
"2023-10-21","0.1927"
"2023-10-22","0.1924"
"2023-10-23","0.1924"
"2023-10-24","0.1923"
"2023-10-25","0.1921"
"2023-10-26","0.1919"
"2023-10-27","0.1917"
"2023-10-28","0.1919"
"2023-10-29","0.1922"
"2023-10-30","0.1919"
"2023-10-31","0.1918"
"2023-11-01","0.1921"
"2023-11-02","0.1921"
"2023-11-03","0.1920"
"2023-11-04","0.1922"
"2023-11-05","0.1919"
"2023-11-06","0.1917"
"2023-11-07","0.1917"
"2023-11-08","0.1924"
"2023-11-09","0.1916"
"2023-11-10","0.1912"
"2023-11-11","0.1911"
"2023-11-12","0.1913"
"2023-11-13","0.1915"
"2023-11-14","0.1915"
"2023-11-15","0.1918"
"2023-11-16","0.1912"
"2023-11-17","0.1909"
"2023-11-18","0.1911"
"2023-11-19","0.1912"
"2023-11-20","0.1914"
"2023-11-21","0.1927"
"2023-11-22","0.1921"
"2023-11-23","0.1912"
"2023-11-24","0.1914"
"2023-11-25","0.1916"
"2023-11-26","0.1921"
"2023-11-27","0.1922"
"2023-11-28","0.1915"
"2023-11-29","0.1917"
"2023-11-30","0.1926"
"2023-12-01","0.1929"
"2023-12-02","0.1926"
"2023-12-03","0.1926"
"2023-12-04","0.1927"
"2023-12-05","0.1925"
"2023-12-06","0.1923"
"2023-12-07","0.1921"
"2023-12-08","0.1945"
"2023-12-09","0.1947"
"2023-12-10","0.1928"
"2023-12-11","0.1927"
"2023-12-12","0.1942"
"2023-12-13","0.1938"
"2023-12-14","0.1929"
"2023-12-15","0.1931"
"2023-12-16","0.1930"
"2023-12-17","0.1925"
"2023-12-18","0.1925"
"2023-12-19","0.1923"
"2023-12-20","0.1921"
"2023-12-21","0.1918"
"2023-12-22","0.1916"
"2023-12-23","0.1914"
"2023-12-24","0.1912"
"2023-12-25","0.1909"
"2023-12-26","0.1907"
"2023-12-27","0.1905"
"2023-12-28","0.1902"
"2023-12-29","0.1900"
"2023-12-30","0.1898"
"2023-12-31","0.1896"
"2024-01-01","0.1893"
"2024-01-02","0.1891"
"2024-01-03","0.1889"
"2024-01-04","0.1886"
"2024-01-05","0.1883"
"2024-01-06","0.1881"
"2024-01-07","0.1878"
"2024-01-08","0.1876"
"2024-01-09","0.1873"
"2024-01-10","0.1871"
"2024-01-11","0.1868"
"2024-01-12","0.1866"
"2024-01-13","0.1863"
"2024-01-14","0.1861"
"2024-01-15","0.1859"
"2024-01-16","0.1856"
"2024-01-17","0.1853"
"2024-01-18","0.1851"
"2024-01-19","0.1848"
"2024-01-20","0.1845"
"2024-01-21","0.1843"
"2024-01-22","0.1842"
"2024-01-23","0.1839"
"2024-01-24","0.1836"
"2024-01-25","0.1834"
"2024-01-26","0.1832"
"2024-01-27","0.1830"
"2024-01-28","0.1827"
"2024-01-29","0.1827"
"2024-01-30","0.1825"
"2024-01-31","0.1822"
"2024-02-01","0.1821"
"2024-02-02","0.1818"
"2024-02-03","0.1815"
"2024-02-04","0.1813"
"2024-02-05","0.1811"
"2024-02-06","0.1808"
"2024-02-07","0.1806"
"2024-02-08","0.1804"
"2024-02-09","0.1801"
"2024-02-10","0.1799"
"2024-02-11","0.1796"
"2024-02-12","0.1794"
"2024-02-13","0.1791"
"2024-02-14","0.1789"
"2024-02-15","0.1787"
"2024-02-16","0.1784"
"2024-02-17","0.1782"
"2024-02-18","0.1780"
"2024-02-19","0.1778"
"2024-02-20","0.1776"
"2024-02-21","0.1774"
"2024-02-22","0.1773"
"2024-02-23","0.1770"
"2024-02-24","0.1767"
"2024-02-25","0.1766"
"2024-02-26","0.1765"
"2024-02-27","0.1763"
"2024-02-28","0.1760"
"2024-02-29","0.1758"
"2024-03-01","0.1756"
"2024-03-02","0.1753"
"2024-03-03","0.1751"
"2024-03-04","0.1749"
"2024-03-05","0.1747"
"2024-03-06","0.1745"
"2024-03-07","0.1743"
"2024-03-08","0.1741"
"2024-03-09","0.1739"
"2024-03-10","0.1736"
"2024-03-11","0.1734"
"2024-03-12","0.1732"
"2024-03-13","0.1729"
"2024-03-14","0.1727"
"2024-03-15","0.1725"
"2024-03-16","0.1722"
"2024-03-17","0.1720"
"2024-03-18","0.1718"
"2024-03-19","0.1716"
"2024-03-20","0.1714"
"2024-03-21","0.1712"
"2024-03-22","0.1710"
"2024-03-23","0.1708"
"2024-03-24","0.1706"
"2024-03-25","0.1704"
"2024-03-26","0.1703"
"2024-03-27","0.1701"
"2024-03-28","0.1699"
"2024-03-29","0.1697"
"2024-03-30","0.1696"
"2024-03-31","0.1694"
"2024-04-01","0.1693"
"2024-04-02","0.1690"
"2024-04-03","0.1689"
"2024-04-04","0.1687"
"2024-04-05","0.1688"
"2024-04-06","0.1686"
"2024-04-07","0.1685"
"2024-04-08","0.1683"
"2024-04-09","0.1684"
"2024-04-10","0.1683"
"2024-04-11","0.1682"
"2024-04-12","0.1678"
"2024-04-13","0.1676"
"2024-04-14","0.1675"
"2024-04-15","0.1673"
"2024-04-16","0.1671"
"2024-04-17","0.1669"
"2024-04-18","0.1668"
"2024-04-19","0.1666"
"2024-04-20","0.1664"
"2024-04-21","0.1663"
"2024-04-22","0.1661"
"2024-04-23","0.1661"
"2024-04-24","0.1662"
"2024-04-25","0.1658"
"2024-04-26","0.1654"
"2024-04-27","0.1653"
"2024-04-28","0.1652"
"2024-04-29","0.1652"
"2024-04-30","0.1651"
"2024-05-01","0.1649"
"2024-05-02","0.1647"
"2024-05-03","0.1645"
"2024-05-04","0.1643"
"2024-05-05","0.1641"
"2024-05-06","0.1640"
"2024-05-07","0.1638"
"2024-05-08","0.1636"
"2024-05-09","0.1634"
"2024-05-10","0.1632"
"2024-05-11","0.1630"
"2024-05-12","0.1629"
"2024-05-13","0.1626"
"2024-05-14","0.1625"
"2024-05-15","0.1623"
"2024-05-16","0.1621"
"2024-05-17","0.1620"
"2024-05-18","0.1618"
"2024-05-19","0.1616"
"2024-05-20","0.1614"
"2024-05-21","0.1612"
"2024-05-22","0.1611"
"2024-05-23","0.1609"
"2024-05-24","0.1607"
"2024-05-25","0.1605"
"2024-05-26","0.1602"
"2024-05-27","0.1600"
"2024-05-28","0.1598"
"2024-05-29","0.1597"
"2024-05-30","0.1596"
"2024-05-31","0.1595"
"2024-06-01","0.1593"
"2024-06-02","0.1591"
"2024-06-03","0.1589"
"2024-06-04","0.1587"
"2024-06-05","0.1584"
"2024-06-06","0.1582"
"2024-06-07","0.1580"
"2024-06-08","0.1578"
"2024-06-09","0.1577"
"2024-06-10","0.1577"
"2024-06-11","0.1573"
"2024-06-12","0.1570"
"2024-06-13","0.1569"
"2024-06-14","0.1567"
"2024-06-15","0.1565"
"2024-06-16","0.1563"
"2024-06-17","0.1561"
"2024-06-18","0.1559"
"2024-06-19","0.1557"
"2024-06-20","0.1555"
"2024-06-21","0.1552"
"2024-06-22","0.1550"
"2024-06-23","0.1547"
"2024-06-24","0.1546"
"2024-06-25","0.1544"
"2024-06-26","0.1542"
"2024-06-27","0.1540"
"2024-06-28","0.1538"
"2024-06-29","0.1536"
"2024-06-30","0.1535"
"2024-07-01","0.1532"
"2024-07-02","0.1530"
"2024-07-03","0.1529"
"2024-07-04","0.1527"
"2024-07-05","0.1525"
"2024-07-06","0.1523"
"2024-07-07","0.1521"
"2024-07-08","0.1520"
"2024-07-09","0.1518"
"2024-07-10","0.1516"
"2024-07-11","0.1513"
"2024-07-12","0.1511"
"2024-07-13","0.1508"
"2024-07-14","0.1506"
"2024-07-15","0.1505"
"2024-07-16","0.1503"
"2024-07-17","0.1501"
"2024-07-18","0.1499"
"2024-07-19","0.1496"
"2024-07-20","0.1494"
"2024-07-21","0.1492"
"2024-07-22","0.1490"
"2024-07-23","0.1488"
"2024-07-24","0.1487"
"2024-07-25","0.1484"
"2024-07-26","0.1482"
"2024-07-27","0.1480"
"2024-07-28","0.1478"
"2024-07-29","0.1477"
"2024-07-30","0.1474"
"2024-07-31","0.1473"
"2024-08-01","0.1471"
"2024-08-02","0.1469"
"2024-08-03","0.1467"
"2024-08-04","0.1465"
"2024-08-05","0.1464"
"2024-08-06","0.1463"
"2024-08-07","0.1461"
"2024-08-08","0.1458"
"2024-08-09","0.1456"
"2024-08-10","0.1454"
"2024-08-11","0.1451"
"2024-08-12","0.1449"
"2024-08-13","0.1447"
"2024-08-14","0.1445"
"2024-08-15","0.1443"
"2024-08-16","0.1440"
"2024-08-17","0.1438"
"2024-08-18","0.1436"
"2024-08-19","0.1435"
"2024-08-20","0.1435"
"2024-08-21","0.1432"
"2024-08-22","0.1430"
"2024-08-23","0.1428"
"2024-08-24","0.1426"
"2024-08-25","0.1424"
"2024-08-26","0.1422"
"2024-08-27","0.1420"
"2024-08-28","0.1418"
"2024-08-29","0.1416"
"2024-08-30","0.1415"
"2024-08-31","0.1413"
"2024-09-01","0.1411"
"2024-09-02","0.1409"
"2024-09-03","0.1407"
"2024-09-04","0.1405"
"2024-09-05","0.1403"
"2024-09-06","0.1401"
"2024-09-07","0.1399"
"2024-09-08","0.1397"
"2024-09-09","0.1396"
"2024-09-10","0.1393"
"2024-09-11","0.1391"
"2024-09-12","0.1389"
"2024-09-13","0.1387"
"2024-09-14","0.1385"
"2024-09-15","0.1383"
"2024-09-16","0.1412"
"2024-09-17","0.1378"
"2024-09-18","0.1374"
"2024-09-19","0.1374"
"2024-09-20","0.1372"
"2024-09-21","0.1371"
"2024-09-22","0.1369"
"2024-09-23","0.1367"
"2024-09-24","0.1365"
"2024-09-25","0.1363"
"2024-09-26","0.1362"
"2024-09-27","0.1361"
"2024-09-28","0.1359"
"2024-09-29","0.1357"
"2024-09-30","0.1356"
"2024-10-01","0.1354"
"2024-10-02","0.1351"
"2024-10-03","0.1349"
"2024-10-04","0.1347"
"2024-10-05","0.1345"
"2024-10-06","0.1343"
"2024-10-07","0.1341"
"2024-10-08","0.1339"
"2024-10-09","0.1337"
"2024-10-10","0.1335"
"2024-10-11","0.1334"
"2024-10-12","0.1331"
"2024-10-13","0.1329"
"2024-10-14","0.1327"
"2024-10-15","0.1325"
"2024-10-16","0.1323"
"2024-10-17","0.1322"
"2024-10-18","0.1320"
"2024-10-19","0.1318"
"2024-10-20","0.1316"
"2024-10-21","0.1314"
"2024-10-22","0.1312"
"2024-10-23","0.1311"
"2024-10-24","0.1309"
"2024-10-25","0.1306"
"2024-10-26","0.1305"
"2024-10-27","0.1304"
"2024-10-28","0.1303"
"2024-10-29","0.1301"
"2024-10-30","0.1298"
"2024-10-31","0.1297"
"2024-11-01","0.1295"
"2024-11-02","0.1293"
"2024-11-03","0.1291"
"2024-11-04","0.1289"
"2024-11-05","0.1288"
"2024-11-06","0.1287"
"2024-11-07","0.1285"
"2024-11-08","0.1282"
"2024-11-09","0.1280"
"2024-11-10","0.1278"
"2024-11-11","0.1276"
"2024-11-12","0.1275"
"2024-11-13","0.1273"
"2024-11-14","0.1272"
"2024-11-15","0.1269"
"2024-11-16","0.1266"
"2024-11-17","0.1265"
"2024-11-18","0.1264"
"2024-11-19","0.1262"
"2024-11-20","0.1261"
"2024-11-21","0.1259"
"2024-11-22","0.1258"
"2024-11-23","0.1257"
"2024-11-24","0.1257"
"2024-11-25","0.1256"
"2024-11-26","0.1256"
"2024-11-27","0.1254"
"2024-11-28","0.1254"
"2024-11-29","0.1254"
"2024-11-30","0.1253"
"2024-12-01","0.1253"
"2024-12-02","0.1252"
"2024-12-03","0.1251"
"2024-12-04","0.1251"
"2024-12-05","0.1250"
"2024-12-06","0.1250"
"2024-12-07","0.1250"
"2024-12-08","0.1249"
"2024-12-09","0.1249"
"2024-12-10","0.1249"
"2024-12-11","0.1248"
"2024-12-12","0.1248"
"2024-12-13","0.1247"
"2024-12-14","0.1247"
"2024-12-15","0.1246"
"2024-12-16","0.1246"
"2024-12-17","0.1246"
"2024-12-18","0.1245"
"2024-12-19","0.1245"
"2024-12-20","0.1244"
"2024-12-21","0.1244"
"2024-12-22","0.1243"
"2024-12-23","0.1243"
"2024-12-24","0.1242"
"2024-12-25","0.1243"
"2024-12-26","0.1244"
"2024-12-27","0.1244"
"2024-12-28","0.1244"
"2024-12-29","0.1245"
"2024-12-30","0.1246"
"2024-12-31","0.1246"
"2025-01-01","0.1247"
"2025-01-02","0.1246"
"2025-01-03","0.1246"
"2025-01-04","0.1246"
"2025-01-05","0.1245"
"2025-01-06","0.1245"
"2025-01-07","0.1244"
"2025-01-08","0.1244"
"2025-01-09","0.1244"
"2025-01-10","0.1244"
"2025-01-11","0.1242"
"2025-01-12","0.1242"
"2025-01-13","0.1242"
"2025-01-14","0.1242"
"2025-01-15","0.1242"
"2025-01-16","0.1243"
"2025-01-17","0.1241"
"2025-01-18","0.1240"
"2025-01-19","0.1240"
"2025-01-20","0.1239"
"2025-01-21","0.1240"
"2025-01-22","0.1239"
"2025-01-23","0.1239"
"2025-01-24","0.1238"
"2025-01-25","0.1238"
"2025-01-26","0.1238"
"2025-01-27","0.1238"
"2025-01-28","0.1238"
"2025-01-29","0.1238"
"2025-01-30","0.1238"
"2025-01-31","0.1238"
"2025-02-01","0.1237"
"2025-02-02","0.1237"
"2025-02-03","0.1237"
"2025-02-04","0.1237"
"2025-02-05","0.1237"
"2025-02-06","0.1237"
"2025-02-07","0.1237"
"2025-02-08","0.1237"
"2025-02-09","0.1237"
"2025-02-10","0.1236"
"2025-02-11","0.1235"
"2025-02-12","0.1235"
"2025-02-13","0.1236"
"2025-02-14","0.1238"
"2025-02-15","0.1239"
"2025-02-16","0.1240"
"2025-02-17","0.1240"
"2025-02-18","0.1241"
"2025-02-19","0.1240"
"2025-02-20","0.1240"
"2025-02-21","0.1239"
"2025-02-22","0.1239"
"2025-02-23","0.1239"
"2025-02-24","0.1239"
"2025-02-25","0.1240"
"2025-02-26","0.1240"
"2025-02-27","0.1240"
"2025-02-28","0.1245"
"2025-03-01","0.1245"
"2025-03-02","0.1243"
"2025-03-03","0.1243"
"2025-03-04","0.1244"
"2025-03-05","0.1244"
"2025-03-06","0.1244"
"2025-03-07","0.1245"
"2025-03-08","0.1245"
"2025-03-09","0.1245"
"2025-03-10","0.1244"
"2025-03-11","0.1245"
"2025-03-12","0.1245"
"2025-03-13","0.1244"
"2025-03-14","0.1244"
"2025-03-15","0.1244"
"2025-03-16","0.1245"
"2025-03-17","0.1246"
"2025-03-18","0.1245"
"2025-03-19","0.1245"
"2025-03-20","0.1244"
"2025-03-21","0.1245"
"2025-03-22","0.1245"
"2025-03-23","0.1246"
"2025-03-24","0.1246"
"2025-03-25","0.1245"
"2025-03-26","0.1245"
"2025-03-27","0.1245"
"2025-03-28","0.1244"
"2025-03-29","0.1244"
"2025-03-30","0.1245"
"2025-03-31","0.1245"
"2025-04-01","0.1246"
"2025-04-02","0.1248"
"2025-04-03","0.1247"
"2025-04-04","0.1245"
"2025-04-05","0.1245"
"2025-04-06","0.1245"
"2025-04-07","0.1245"
"2025-04-08","0.1246"
"2025-04-09","0.1246"
"2025-04-10","0.1251"
"2025-04-11","0.1250"
"2025-04-12","0.1249"
"2025-04-13","0.1252"
"2025-04-14","0.1262"
"2025-04-15","0.1266"
"2025-04-16","0.1259"
"2025-04-17","0.1254"
"2025-04-18","0.1254"
"2025-04-19","0.1257"
"2025-04-20","0.1259"
"2025-04-21","0.1259"
"2025-04-22","0.1258"
"2025-04-23","0.1258"
"2025-04-24","0.1258"
"2025-04-25","0.1259"
"2025-04-26","0.1259"
"2025-04-27","0.1259"
"2025-04-28","0.1271"
"2025-04-29","0.1273"
"2025-04-30","0.1273"
"2025-05-01","0.1273"
"2025-05-02","0.1272"
"2025-05-03","0.1272"
"2025-05-04","0.1271"
"2025-05-05","0.1272"
"2025-05-06","0.1273"
"2025-05-07","0.1277"
"2025-05-08","0.1275"
"2025-05-09","0.1274"
"2025-05-10","0.1275"
"2025-05-11","0.1275"
"2025-05-12","0.1274"
"2025-05-13","0.1279"
"2025-05-14","0.1282"
"2025-05-15","0.1283"
"2025-05-16","0.1282"
"2025-05-17","0.1281"
"2025-05-18","0.1283"
"2025-05-19","0.1283"
"2025-05-20","0.1282"
"2025-05-21","0.1282"
"2025-05-22","0.1282"
"2025-05-23","0.1281"
"2025-05-24","0.1281"
"2025-05-25","0.1282"
