stateTime,32 GiB,64 GiB
"2020-10-14","10.52","0.00"
"2020-10-15","5.60","0.00"
"2020-10-16","5.27","0.00"
"2020-10-17","5.51","0.00"
"2020-10-18","5.14","0.00"
"2020-10-19","5.93","0.00"
"2020-10-20","6.91","0.00"
"2020-10-21","6.72","0.00"
"2020-10-22","7.28","0.00"
"2020-10-23","8.18","0.00"
"2020-10-24","9.98","0.00"
"2020-10-25","11.47","0.00"
"2020-10-26","11.83","0.00"
"2020-10-27","12.45","0.00"
"2020-10-28","13.26","0.00"
"2020-10-29","13.34","0.00"
"2020-10-30","13.50","0.00"
"2020-10-31","13.88","0.00"
"2020-11-01","13.58","0.00"
"2020-11-02","12.82","0.00"
"2020-11-03","14.22","0.00"
"2020-11-04","15.08","0.00"
"2020-11-05","14.27","0.00"
"2020-11-06","15.75","0.00"
"2020-11-07","15.21","0.00"
"2020-11-08","15.45","0.00"
"2020-11-09","17.29","0.00"
"2020-11-10","15.84","0.00"
"2020-11-11","16.71","0.00"
"2020-11-12","16.65","0.00"
"2020-11-13","16.61","0.00"
"2020-11-14","15.72","0.00"
"2020-11-15","16.37","0.00"
"2020-11-16","15.85","0.00"
"2020-11-17","16.71","0.00"
"2020-11-18","16.30","0.00"
"2020-11-19","16.17","0.00"
"2020-11-20","16.75","0.00"
"2020-11-21","16.30","0.00"
"2020-11-22","15.97","0.00"
"2020-11-23","11.02","0.00"
"2020-11-24","10.89","0.00"
"2020-11-25","17.07","0.00"
"2020-11-26","17.34","0.00"
"2020-11-27","15.83","0.00"
"2020-11-28","17.30","0.00"
"2020-11-29","16.26","0.00"
"2020-11-30","17.01","0.00"
"2020-12-01","17.12","0.00"
"2020-12-02","16.17","0.00"
"2020-12-03","18.57","0.00"
"2020-12-04","16.81","0.00"
"2020-12-05","16.36","0.00"
"2020-12-06","17.09","0.00"
"2020-12-07","16.83","0.00"
"2020-12-08","17.19","0.00"
"2020-12-09","17.68","0.00"
"2020-12-10","17.09","0.00"
"2020-12-11","17.11","0.00"
"2020-12-12","17.03","0.00"
"2020-12-13","16.88","0.00"
"2020-12-14","16.80","0.00"
"2020-12-15","16.90","0.00"
"2020-12-16","16.73","0.00"
"2020-12-17","16.50","0.04"
"2020-12-18","12.60","0.08"
"2020-12-19","14.34","0.13"
"2020-12-20","16.64","0.11"
"2020-12-21","15.94","0.06"
"2020-12-22","16.23","0.00"
"2020-12-23","16.57","0.00"
"2020-12-24","16.66","0.03"
"2020-12-25","17.05","0.02"
"2020-12-26","17.13","0.02"
"2020-12-27","16.64","0.02"
"2020-12-28","17.10","0.02"
"2020-12-29","16.92","0.02"
"2020-12-30","16.69","0.02"
"2020-12-31","17.22","0.02"
"2021-01-01","18.01","0.02"
"2021-01-02","16.90","0.02"
"2021-01-03","17.23","0.02"
"2021-01-04","17.17","0.02"
"2021-01-05","16.98","0.02"
"2021-01-06","16.65","0.02"
"2021-01-07","16.83","0.02"
"2021-01-08","17.66","0.04"
"2021-01-09","17.43","0.15"
"2021-01-10","17.53","0.21"
"2021-01-11","17.14","0.33"
"2021-01-12","15.85","1.21"
"2021-01-13","16.50","1.79"
"2021-01-14","16.59","1.59"
"2021-01-15","16.81","2.01"
"2021-01-16","15.81","2.29"
"2021-01-17","16.19","2.61"
"2021-01-18","15.16","3.35"
"2021-01-19","15.08","3.61"
"2021-01-20","14.54","4.21"
"2021-01-21","15.03","4.72"
"2021-01-22","14.24","6.46"
"2021-01-23","14.34","6.44"
"2021-01-24","14.26","6.73"
"2021-01-25","13.85","7.26"
"2021-01-26","14.01","7.78"
"2021-01-27","13.43","8.34"
"2021-01-28","12.88","8.52"
"2021-01-29","13.46","8.61"
"2021-01-30","12.67","9.47"
"2021-01-31","12.41","9.74"
"2021-02-01","12.38","9.55"
"2021-02-02","12.40","10.03"
"2021-02-03","11.84","10.17"
"2021-02-04","12.05","10.08"
"2021-02-05","11.91","10.76"
"2021-02-06","11.62","11.25"
"2021-02-07","11.89","11.18"
"2021-02-08","11.76","11.40"
"2021-02-09","11.08","12.03"
"2021-02-10","11.09","11.61"
"2021-02-11","11.20","11.73"
"2021-02-12","11.68","11.11"
"2021-02-13","11.52","11.23"
"2021-02-14","11.57","11.96"
"2021-02-15","11.24","11.82"
"2021-02-16","11.48","11.49"
"2021-02-17","10.67","12.59"
"2021-02-18","9.83","13.13"
"2021-02-19","10.48","13.45"
"2021-02-20","9.62","14.43"
"2021-02-21","9.92","14.53"
"2021-02-22","9.81","14.21"
"2021-02-23","8.93","15.54"
"2021-02-24","8.69","16.23"
"2021-02-25","9.41","16.36"
"2021-02-26","8.76","15.97"
"2021-02-27","8.27","16.69"
"2021-02-28","9.41","14.75"
"2021-03-01","8.01","16.59"
"2021-03-02","8.33","15.48"
"2021-03-03","11.00","15.81"
"2021-03-04","12.38","18.62"
"2021-03-05","12.11","18.60"
"2021-03-06","11.11","18.96"
"2021-03-07","11.49","19.22"
"2021-03-08","10.87","19.03"
"2021-03-09","11.77","19.11"
"2021-03-10","11.83","18.50"
"2021-03-11","11.98","18.47"
"2021-03-12","12.29","18.89"
"2021-03-13","11.74","18.77"
"2021-03-14","11.90","18.91"
"2021-03-15","11.20","19.58"
"2021-03-16","12.03","19.83"
"2021-03-17","11.02","20.44"
"2021-03-18","10.62","20.83"
"2021-03-19","10.66","21.80"
"2021-03-20","9.93","22.21"
"2021-03-21","11.52","20.73"
"2021-03-22","9.79","20.04"
"2021-03-23","9.35","20.00"
"2021-03-24","10.51","21.07"
"2021-03-25","9.57","22.76"
"2021-03-26","8.66","24.07"
"2021-03-27","9.04","23.74"
"2021-03-28","8.27","24.38"
"2021-03-29","9.28","24.40"
"2021-03-30","9.14","24.79"
"2021-03-31","8.81","25.16"
"2021-04-01","7.83","25.92"
"2021-04-02","9.66","24.08"
"2021-04-03","7.97","26.49"
"2021-04-04","7.25","27.27"
"2021-04-05","7.26","26.84"
"2021-04-06","7.33","27.08"
"2021-04-07","7.20","28.53"
"2021-04-08","7.20","27.53"
"2021-04-09","6.24","27.24"
"2021-04-10","6.04","28.60"
"2021-04-11","8.85","21.42"
"2021-04-12","6.32","26.93"
"2021-04-13","6.49","27.75"
"2021-04-14","6.98","27.96"
"2021-04-15","5.87","27.89"
"2021-04-16","6.05","30.29"
"2021-04-17","5.61","28.92"
"2021-04-18","6.12","29.29"
"2021-04-19","4.91","30.86"
"2021-04-20","5.81","30.46"
"2021-04-21","4.07","32.00"
"2021-04-22","3.56","32.23"
"2021-04-23","5.00","31.72"
"2021-04-24","6.47","29.41"
"2021-04-25","5.63","30.48"
"2021-04-26","5.09","31.24"
"2021-04-27","5.82","26.40"
"2021-04-28","6.48","27.49"
"2021-04-29","4.96","30.61"
"2021-04-30","4.88","31.00"
"2021-05-01","5.49","29.12"
"2021-05-02","6.94","28.19"
"2021-05-03","5.78","30.11"
"2021-05-04","4.72","31.87"
"2021-05-05","6.29","28.59"
"2021-05-06","6.26","30.15"
"2021-05-07","7.07","30.19"
"2021-05-08","6.02","31.51"
"2021-05-09","5.89","31.18"
"2021-05-10","6.72","30.45"
"2021-05-11","5.81","32.25"
"2021-05-12","5.59","31.29"
"2021-05-13","4.71","31.97"
"2021-05-14","4.44","33.22"
"2021-05-15","4.79","32.92"
"2021-05-16","4.69","32.47"
"2021-05-17","5.85","32.36"
"2021-05-18","5.49","32.28"
"2021-05-19","5.01","32.58"
"2021-05-20","4.79","33.31"
"2021-05-21","4.58","33.97"
"2021-05-22","6.24","31.62"
"2021-05-23","5.80","31.22"
"2021-05-24","5.02","32.40"
"2021-05-25","6.11","31.59"
"2021-05-26","6.12","30.52"
"2021-05-27","6.33","30.09"
"2021-05-28","6.08","31.03"
"2021-05-29","6.56","28.74"
"2021-05-30","6.84","28.62"
"2021-05-31","7.10","28.82"
"2021-06-01","7.36","31.38"
"2021-06-02","5.25","28.63"
"2021-06-03","7.78","28.69"
"2021-06-04","6.67","30.95"
"2021-06-05","6.22","30.56"
"2021-06-06","6.91","30.76"
"2021-06-07","7.29","28.93"
"2021-06-08","7.37","28.97"
"2021-06-09","7.17","29.28"
"2021-06-10","6.41","29.76"
"2021-06-11","6.81","28.34"
"2021-06-12","6.53","29.16"
"2021-06-13","6.89","28.49"
"2021-06-14","6.78","29.51"
"2021-06-15","6.23","30.01"
"2021-06-16","6.44","28.94"
"2021-06-17","6.24","29.81"
"2021-06-18","6.20","29.82"
"2021-06-19","7.90","28.33"
"2021-06-20","7.39","27.65"
"2021-06-21","6.52","28.43"
"2021-06-22","6.72","28.83"
"2021-06-23","7.49","28.33"
"2021-06-24","8.32","27.45"
"2021-06-25","9.25","26.82"
"2021-06-26","9.77","25.27"
"2021-06-27","9.73","24.39"
"2021-06-28","8.61","23.02"
"2021-06-29","7.19","16.29"
"2021-06-30","10.50","15.02"
"2021-07-01","12.78","26.16"
"2021-07-02","14.01","26.83"
"2021-07-03","14.07","25.70"
"2021-07-04","14.20","27.14"
"2021-07-05","14.29","28.28"
"2021-07-06","15.68","30.71"
"2021-07-07","16.91","33.40"
"2021-07-08","18.12","32.56"
"2021-07-09","18.61","32.42"
"2021-07-10","18.44","31.27"
"2021-07-11","18.60","31.35"
"2021-07-12","18.72","31.12"
"2021-07-13","19.62","31.46"
"2021-07-14","21.84","31.44"
"2021-07-15","21.85","30.14"
"2021-07-16","22.05","29.47"
"2021-07-17","21.15","27.73"
"2021-07-18","20.22","28.50"
"2021-07-19","20.81","27.69"
"2021-07-20","21.32","27.60"
"2021-07-21","21.79","28.28"
"2021-07-22","23.70","28.66"
"2021-07-23","25.43","27.09"
"2021-07-24","24.74","27.60"
"2021-07-25","24.78","26.79"
"2021-07-26","24.59","25.57"
"2021-07-27","25.45","25.80"
"2021-07-28","27.00","26.58"
"2021-07-29","27.95","25.85"
"2021-07-30","29.00","24.25"
"2021-07-31","27.54","23.02"
"2021-08-01","27.16","23.01"
"2021-08-02","26.76","23.66"
"2021-08-03","26.13","25.00"
"2021-08-04","26.69","25.34"
"2021-08-05","26.52","25.36"
"2021-08-06","25.70","24.79"
"2021-08-07","25.51","26.82"
"2021-08-08","26.18","26.89"
"2021-08-09","28.58","25.83"
"2021-08-10","28.50","25.60"
"2021-08-11","29.36","25.96"
"2021-08-12","28.51","25.51"
"2021-08-13","26.01","24.63"
"2021-08-14","24.56","25.61"
"2021-08-15","23.90","26.13"
"2021-08-16","27.03","27.45"
"2021-08-17","28.93","26.47"
"2021-08-18","28.37","26.39"
"2021-08-19","29.11","27.39"
"2021-08-20","29.85","26.36"
"2021-08-21","29.42","26.99"
"2021-08-22","28.54","24.59"
"2021-08-23","28.54","26.75"
"2021-08-24","29.35","27.90"
"2021-08-25","29.33","27.33"
"2021-08-26","30.79","28.57"
"2021-08-27","30.40","28.95"
"2021-08-28","30.89","28.06"
"2021-08-29","31.16","26.37"
"2021-08-30","32.03","26.14"
"2021-08-31","33.42","26.17"
"2021-09-01","32.63","27.00"
"2021-09-02","32.57","28.20"
"2021-09-03","32.21","29.09"
"2021-09-04","31.40","27.54"
"2021-09-05","30.16","27.23"
"2021-09-06","28.66","26.74"
"2021-09-07","30.55","25.31"
"2021-09-08","31.94","27.33"
"2021-09-09","34.17","28.06"
"2021-09-10","34.61","28.20"
"2021-09-11","33.12","27.20"
"2021-09-12","32.59","27.58"
"2021-09-13","33.41","25.04"
"2021-09-14","33.26","28.69"
"2021-09-15","33.29","28.61"
"2021-09-16","34.56","26.73"
"2021-09-17","35.05","25.48"
"2021-09-18","34.96","25.44"
"2021-09-19","34.13","24.87"
"2021-09-20","33.71","25.22"
"2021-09-21","34.43","24.15"
"2021-09-22","35.00","23.80"
"2021-09-23","34.75","24.95"
"2021-09-24","35.77","23.29"
"2021-09-25","34.03","21.81"
"2021-09-26","33.91","21.12"
"2021-09-27","32.08","22.57"
"2021-09-28","31.73","24.56"
"2021-09-29","32.64","25.46"
"2021-09-30","33.59","25.11"
"2021-10-01","31.60","24.44"
"2021-10-02","30.70","24.31"
"2021-10-03","32.03","24.23"
"2021-10-04","31.72","23.37"
"2021-10-05","29.39","22.42"
"2021-10-06","27.94","20.16"
"2021-10-07","26.37","21.37"
"2021-10-08","27.47","21.47"
"2021-10-09","27.64","22.11"
"2021-10-10","27.16","20.61"
"2021-10-11","27.20","20.06"
"2021-10-12","26.49","19.69"
"2021-10-13","25.97","18.00"
"2021-10-14","25.61","17.49"
"2021-10-15","26.10","17.54"
"2021-10-16","20.90","13.73"
"2021-10-17","23.51","15.22"
"2021-10-18","23.82","14.33"
"2021-10-19","24.32","13.82"
"2021-10-20","22.53","14.34"
"2021-10-21","23.41","12.55"
"2021-10-22","23.26","14.30"
"2021-10-23","22.01","14.61"
"2021-10-24","21.38","14.57"
"2021-10-25","18.03","13.34"
"2021-10-26","20.79","15.72"
"2021-10-27","22.20","15.11"
"2021-10-28","22.65","14.36"
"2021-10-29","22.50","13.88"
"2021-10-30","21.17","13.19"
"2021-10-31","20.70","11.77"
"2021-11-01","21.35","12.33"
"2021-11-02","22.48","12.33"
"2021-11-03","23.33","13.49"
"2021-11-04","22.21","13.61"
"2021-11-05","22.14","12.69"
"2021-11-06","20.71","11.51"
"2021-11-07","20.04","11.32"
"2021-11-08","20.81","11.33"
"2021-11-09","21.69","11.31"
"2021-11-10","21.41","10.77"
"2021-11-11","21.63","10.36"
"2021-11-12","21.50","10.06"
"2021-11-13","19.91","10.40"
"2021-11-14","18.77","9.40"
"2021-11-15","19.35","8.83"
"2021-11-16","19.66","9.35"
"2021-11-17","19.04","12.53"
"2021-11-18","18.32","13.84"
"2021-11-19","17.72","14.87"
"2021-11-20","17.95","14.01"
"2021-11-21","16.98","13.82"
"2021-11-22","15.60","13.30"
"2021-11-23","14.39","12.30"
"2021-11-24","15.52","10.19"
"2021-11-25","15.57","13.52"
"2021-11-26","15.60","14.75"
"2021-11-27","13.94","13.77"
"2021-11-28","13.78","13.59"
"2021-11-29","13.51","12.53"
"2021-11-30","12.79","13.39"
"2021-12-01","13.64","12.11"
"2021-12-02","13.61","12.10"
"2021-12-03","13.47","11.97"
"2021-12-04","13.17","11.66"
"2021-12-05","13.70","11.57"
"2021-12-06","14.00","11.76"
"2021-12-07","13.92","12.94"
"2021-12-08","13.26","13.70"
"2021-12-09","12.76","13.61"
"2021-12-10","12.91","12.22"
"2021-12-11","12.18","12.74"
"2021-12-12","11.96","12.76"
"2021-12-13","13.01","13.17"
"2021-12-14","14.06","11.74"
"2021-12-15","13.57","11.87"
"2021-12-16","14.54","10.67"
"2021-12-17","15.65","10.10"
"2021-12-18","15.59","9.89"
"2021-12-19","16.37","10.61"
"2021-12-20","16.51","11.42"
"2021-12-21","16.53","12.46"
"2021-12-22","17.11","12.46"
"2021-12-23","16.88","13.77"
"2021-12-24","16.78","12.01"
"2021-12-25","16.03","11.80"
"2021-12-26","15.44","12.39"
"2021-12-27","15.40","11.90"
"2021-12-28","15.76","11.13"
"2021-12-29","15.98","10.58"
"2021-12-30","16.06","9.13"
"2021-12-31","15.50","8.84"
"2022-01-01","15.46","9.31"
"2022-01-02","16.38","9.37"
"2022-01-03","14.28","9.03"
"2022-01-04","15.49","8.32"
"2022-01-05","16.51","8.33"
"2022-01-06","17.08","8.36"
"2022-01-07","16.93","8.34"
"2022-01-08","17.02","7.77"
"2022-01-09","18.58","8.03"
"2022-01-10","17.99","7.98"
"2022-01-11","18.19","7.22"
"2022-01-12","18.07","7.44"
"2022-01-13","18.79","6.89"
"2022-01-14","19.62","6.84"
"2022-01-15","18.26","6.88"
"2022-01-16","15.32","7.28"
"2022-01-17","15.72","8.09"
"2022-01-18","17.23","7.73"
"2022-01-19","17.38","7.24"
"2022-01-20","18.34","8.60"
"2022-01-21","17.78","8.98"
"2022-01-22","17.85","9.50"
"2022-01-23","17.71","9.73"
"2022-01-24","18.39","9.91"
"2022-01-25","18.81","10.07"
"2022-01-26","18.75","10.68"
"2022-01-27","19.06","9.89"
"2022-01-28","18.78","10.38"
"2022-01-29","18.00","10.50"
"2022-01-30","16.21","10.50"
"2022-01-31","16.56","9.59"
"2022-02-01","15.44","8.49"
"2022-02-02","15.63","8.17"
"2022-02-03","15.69","7.42"
"2022-02-04","15.97","6.96"
"2022-02-05","14.89","7.29"
"2022-02-06","14.30","8.42"
"2022-02-07","14.41","9.20"
"2022-02-08","14.22","9.38"
"2022-02-09","16.16","8.44"
"2022-02-10","16.24","8.52"
"2022-02-11","15.91","8.58"
"2022-02-12","16.52","7.94"
"2022-02-13","15.47","6.85"
"2022-02-14","15.62","8.73"
"2022-02-15","15.95","8.14"
"2022-02-16","18.26","8.17"
"2022-02-17","18.45","8.74"
"2022-02-18","18.47","9.35"
"2022-02-19","18.27","9.30"
"2022-02-20","17.51","8.97"
"2022-02-21","18.57","8.93"
"2022-02-22","17.96","9.48"
"2022-02-23","18.72","8.67"
"2022-02-24","19.57","7.94"
"2022-02-25","20.45","6.74"
"2022-02-26","18.34","6.44"
"2022-02-27","16.41","5.68"
"2022-02-28","15.47","4.95"
"2022-03-01","18.98","5.59"
"2022-03-02","21.27","8.36"
"2022-03-03","22.65","9.91"
"2022-03-04","22.68","9.89"
"2022-03-05","22.05","9.98"
"2022-03-06","23.10","8.99"
"2022-03-07","23.70","10.88"
"2022-03-08","23.58","10.20"
"2022-03-09","22.60","9.91"
"2022-03-10","23.41","9.28"
"2022-03-11","23.71","9.25"
"2022-03-12","22.96","9.32"
"2022-03-13","22.26","9.23"
"2022-03-14","21.79","9.23"
"2022-03-15","22.12","9.43"
"2022-03-16","23.25","10.78"
"2022-03-17","24.82","12.07"
"2022-03-18","24.76","11.88"
"2022-03-19","24.07","12.00"
"2022-03-20","25.24","11.06"
"2022-03-21","26.45","10.36"
"2022-03-22","27.34","10.98"
"2022-03-23","28.97","10.84"
"2022-03-24","29.46","10.93"
"2022-03-25","29.05","11.72"
"2022-03-26","29.30","10.78"
"2022-03-27","27.73","10.77"
"2022-03-28","30.32","11.14"
"2022-03-29","28.25","11.49"
"2022-03-30","28.41","11.21"
"2022-03-31","24.36","11.16"
"2022-04-01","24.99","10.87"
"2022-04-02","24.34","9.95"
"2022-04-03","23.15","9.50"
"2022-04-04","21.83","8.94"
"2022-04-05","22.90","8.96"
"2022-04-06","24.10","9.14"
"2022-04-07","24.15","8.88"
"2022-04-08","23.71","8.60"
"2022-04-09","24.04","8.44"
"2022-04-10","24.29","8.07"
"2022-04-11","23.76","8.28"
"2022-04-12","22.79","8.10"
"2022-04-13","23.89","8.30"
"2022-04-14","25.03","9.14"
"2022-04-15","24.31","9.13"
"2022-04-16","24.80","9.01"
"2022-04-17","26.42","9.07"
"2022-04-18","28.87","8.67"
"2022-04-19","27.86","8.72"
"2022-04-20","27.79","8.78"
"2022-04-21","26.79","8.67"
"2022-04-22","24.31","8.93"
"2022-04-23","23.41","8.27"
"2022-04-24","23.69","7.70"
"2022-04-25","24.68","8.01"
"2022-04-26","25.95","8.11"
"2022-04-27","26.50","7.72"
"2022-04-28","28.99","7.37"
"2022-04-29","26.04","7.37"
"2022-04-30","24.10","7.42"
"2022-05-01","23.69","7.04"
"2022-05-02","24.98","7.74"
"2022-05-03","27.06","7.81"
"2022-05-04","28.00","7.12"
"2022-05-05","26.31","8.05"
"2022-05-06","27.16","9.37"
"2022-05-07","27.78","8.95"
"2022-05-08","28.22","8.33"
"2022-05-09","27.51","8.43"
"2022-05-10","28.30","8.95"
"2022-05-11","28.75","9.06"
"2022-05-12","28.93","8.22"
"2022-05-13","28.92","7.42"
"2022-05-14","27.52","6.27"
"2022-05-15","28.86","7.55"
"2022-05-16","30.84","7.87"
"2022-05-17","30.02","7.82"
"2022-05-18","28.26","7.58"
"2022-05-19","26.80","6.81"
"2022-05-20","25.99","8.00"
"2022-05-21","25.72","8.07"
"2022-05-22","25.10","7.61"
"2022-05-23","24.87","8.87"
"2022-05-24","21.50","8.10"
"2022-05-25","21.78","8.02"
"2022-05-26","22.73","9.08"
"2022-05-27","24.80","7.13"
"2022-05-28","26.09","7.24"
"2022-05-29","26.37","6.41"
"2022-05-30","26.92","6.55"
"2022-05-31","26.02","8.31"
"2022-06-01","26.82","9.83"
"2022-06-02","27.35","9.70"
"2022-06-03","25.36","8.24"
"2022-06-04","24.32","9.01"
"2022-06-05","24.58","9.01"
"2022-06-06","26.93","9.19"
"2022-06-07","27.96","7.52"
"2022-06-08","27.82","5.56"
"2022-06-09","28.87","4.31"
"2022-06-10","28.21","3.36"
"2022-06-11","27.39","3.42"
"2022-06-12","26.65","3.36"
"2022-06-13","27.09","3.72"
"2022-06-14","23.44","4.26"
"2022-06-15","25.50","4.80"
"2022-06-16","28.21","5.34"
"2022-06-17","27.50","5.31"
"2022-06-18","26.84","5.67"
"2022-06-19","26.44","5.45"
"2022-06-20","26.16","5.63"
"2022-06-21","26.62","5.66"
"2022-06-22","24.96","5.93"
"2022-06-23","23.62","6.05"
"2022-06-24","22.49","6.11"
"2022-06-25","22.26","6.00"
"2022-06-26","24.18","6.06"
"2022-06-27","27.55","6.21"
"2022-06-28","27.10","6.82"
"2022-06-29","27.51","7.43"
"2022-06-30","25.59","5.93"
"2022-07-01","24.67","5.73"
"2022-07-02","20.22","4.59"
"2022-07-03","19.39","4.63"
"2022-07-04","15.38","3.06"
"2022-07-05","11.79","2.86"
"2022-07-06","8.67","2.40"
"2022-07-07","10.84","2.49"
"2022-07-08","11.86","2.57"
"2022-07-09","12.68","2.76"
"2022-07-10","12.99","3.21"
"2022-07-11","15.22","4.73"
"2022-07-12","16.69","4.94"
"2022-07-13","16.13","4.91"
"2022-07-14","14.86","4.79"
"2022-07-15","16.02","4.80"
"2022-07-16","14.37","4.53"
"2022-07-17","15.93","4.77"
"2022-07-18","16.12","4.51"
"2022-07-19","17.16","3.60"
"2022-07-20","18.03","3.15"
"2022-07-21","17.19","3.55"
"2022-07-22","18.36","3.50"
"2022-07-23","17.06","3.12"
"2022-07-24","16.62","3.08"
"2022-07-25","16.61","2.45"
"2022-07-26","16.38","3.02"
"2022-07-27","17.85","3.05"
"2022-07-28","18.72","3.18"
"2022-07-29","17.93","3.46"
"2022-07-30","17.08","3.75"
"2022-07-31","17.55","4.07"
"2022-08-01","18.44","5.31"
"2022-08-02","16.95","4.94"
"2022-08-03","17.32","6.80"
"2022-08-04","17.34","7.65"
"2022-08-05","16.25","8.67"
"2022-08-06","14.18","7.44"
"2022-08-07","14.64","5.09"
"2022-08-08","16.07","5.60"
"2022-08-09","14.80","5.51"
"2022-08-10","14.33","5.19"
"2022-08-11","12.64","5.18"
"2022-08-12","18.72","4.67"
"2022-08-13","16.69","4.09"
"2022-08-14","17.85","4.23"
"2022-08-15","19.27","3.95"
"2022-08-16","19.56","4.66"
"2022-08-17","18.95","6.77"
"2022-08-18","20.02","6.92"
"2022-08-19","18.74","6.22"
"2022-08-20","17.59","4.54"
"2022-08-21","16.67","4.52"
"2022-08-22","17.24","4.23"
"2022-08-23","18.56","4.14"
"2022-08-24","20.32","3.67"
"2022-08-25","21.32","4.20"
"2022-08-26","19.52","4.75"
"2022-08-27","17.32","5.03"
"2022-08-28","16.34","7.00"
"2022-08-29","16.75","6.90"
"2022-08-30","17.36","7.04"
"2022-08-31","17.09","7.53"
"2022-09-01","17.24","7.74"
"2022-09-02","17.62","6.18"
"2022-09-03","18.18","5.28"
"2022-09-04","17.66","4.87"
"2022-09-05","21.63","5.73"
"2022-09-06","20.61","4.53"
"2022-09-07","18.74","5.19"
"2022-09-08","19.17","5.52"
"2022-09-09","19.16","6.18"
"2022-09-10","19.25","5.76"
"2022-09-11","20.56","4.68"
"2022-09-12","22.03","5.51"
"2022-09-13","21.78","8.12"
"2022-09-14","20.52","11.48"
"2022-09-15","23.68","6.74"
"2022-09-16","25.35","5.41"
"2022-09-17","23.11","5.04"
"2022-09-18","22.96","5.45"
"2022-09-19","22.84","4.84"
"2022-09-20","22.61","4.44"
"2022-09-21","24.47","5.93"
"2022-09-22","23.20","7.35"
"2022-09-23","25.12","7.22"
"2022-09-24","25.46","5.94"
"2022-09-25","26.67","5.44"
"2022-09-26","28.80","5.45"
"2022-09-27","26.99","5.76"
"2022-09-28","28.64","5.70"
"2022-09-29","31.68","5.45"
"2022-09-30","31.67","4.82"
"2022-10-01","31.40","4.53"
"2022-10-02","29.40","3.79"
"2022-10-03","31.40","4.03"
"2022-10-04","28.90","5.59"
"2022-10-05","27.16","5.76"
"2022-10-06","28.65","6.31"
"2022-10-07","28.38","6.37"
"2022-10-08","27.93","5.91"
"2022-10-09","30.93","5.04"
"2022-10-10","26.84","6.25"
"2022-10-11","24.18","7.30"
"2022-10-12","29.50","8.30"
"2022-10-13","25.22","8.60"
"2022-10-14","24.95","9.31"
"2022-10-15","22.99","7.57"
"2022-10-16","22.03","7.63"
"2022-10-17","23.51","7.16"
"2022-10-18","22.94","7.67"
"2022-10-19","22.25","7.98"
"2022-10-20","21.43","8.65"
"2022-10-21","26.70","8.02"
"2022-10-22","28.20","7.87"
"2022-10-23","31.35","7.54"
"2022-10-24","30.80","9.10"
"2022-10-25","33.70","8.46"
"2022-10-26","28.24","8.24"
"2022-10-27","23.04","8.34"
"2022-10-28","24.49","8.38"
"2022-10-29","19.62","8.32"
"2022-10-30","15.76","6.60"
"2022-10-31","18.07","7.83"
"2022-11-01","15.74","7.72"
"2022-11-02","14.94","7.48"
"2022-11-03","19.94","7.51"
"2022-11-04","26.74","7.44"
"2022-11-05","25.00","7.99"
"2022-11-06","28.75","7.48"
"2022-11-07","28.35","6.25"
"2022-11-08","28.51","6.01"
"2022-11-09","27.41","6.51"
"2022-11-10","31.58","6.26"
"2022-11-11","33.24","6.64"
"2022-11-12","35.67","6.36"
"2022-11-13","34.89","7.26"
"2022-11-14","36.87","5.70"
"2022-11-15","39.91","5.51"
"2022-11-16","39.03","4.93"
"2022-11-17","36.20","5.06"
"2022-11-18","35.24","5.46"
"2022-11-19","24.68","5.20"
"2022-11-20","30.54","4.99"
"2022-11-21","31.24","4.69"
"2022-11-22","28.19","3.76"
"2022-11-23","30.22","3.50"
"2022-11-24","36.16","4.35"
"2022-11-25","35.28","4.70"
"2022-11-26","35.09","3.01"
"2022-11-27","25.08","2.83"
"2022-11-28","24.63","3.86"
"2022-11-29","22.20","3.96"
"2022-11-30","23.50","4.69"
"2022-12-01","21.93","3.38"
"2022-12-02","18.55","3.97"
"2022-12-03","19.54","3.82"
"2022-12-04","18.67","3.11"
"2022-12-05","18.57","2.81"
"2022-12-06","19.55","2.93"
"2022-12-07","24.65","2.61"
"2022-12-08","28.09","3.63"
"2022-12-09","28.03","3.58"
"2022-12-10","23.89","2.92"
"2022-12-11","22.61","2.79"
"2022-12-12","29.05","2.82"
"2022-12-13","32.69","3.47"
"2022-12-14","32.35","3.53"
"2022-12-15","35.21","3.18"
"2022-12-16","35.07","2.91"
"2022-12-17","33.80","2.62"
"2022-12-18","29.90","2.00"
"2022-12-19","28.25","2.41"
"2022-12-20","28.71","2.82"
"2022-12-21","25.08","3.07"
"2022-12-22","25.74","3.51"
"2022-12-23","27.32","2.68"
"2022-12-24","26.86","2.27"
"2022-12-25","26.11","2.42"
"2022-12-26","26.69","2.99"
"2022-12-27","22.96","4.48"
"2022-12-28","26.82","5.44"
"2022-12-29","27.85","5.20"
"2022-12-30","27.27","4.89"
"2022-12-31","26.04","3.18"
"2023-01-01","22.45","2.45"
"2023-01-02","22.64","2.68"
"2023-01-03","27.64","3.47"
"2023-01-04","26.58","3.62"
"2023-01-05","26.10","4.11"
"2023-01-06","28.32","5.02"
"2023-01-07","27.52","5.41"
"2023-01-08","27.57","5.14"
"2023-01-09","29.75","4.97"
"2023-01-10","29.62","4.63"
"2023-01-11","31.19","4.88"
"2023-01-12","28.82","5.84"
"2023-01-13","29.16","6.13"
"2023-01-14","24.89","5.97"
"2023-01-15","27.51","5.09"
"2023-01-16","26.13","4.36"
"2023-01-17","27.77","4.33"
"2023-01-18","27.32","4.27"
"2023-01-19","25.68","3.63"
"2023-01-20","23.80","3.86"
"2023-01-21","20.38","3.12"
"2023-01-22","20.06","2.94"
"2023-01-23","19.54","2.57"
"2023-01-24","18.92","2.41"
"2023-01-25","17.34","2.28"
"2023-01-26","17.66","2.19"
"2023-01-27","18.44","1.90"
"2023-01-28","16.61","2.56"
"2023-01-29","15.98","4.20"
"2023-01-30","16.16","4.25"
"2023-01-31","16.72","4.96"
"2023-02-01","20.64","4.77"
"2023-02-02","26.30","4.98"
"2023-02-03","28.43","4.30"
"2023-02-04","20.54","2.50"
"2023-02-05","16.16","2.79"
"2023-02-06","21.71","2.23"
"2023-02-07","29.96","2.12"
"2023-02-08","28.54","2.24"
"2023-02-09","31.21","3.74"
"2023-02-10","29.03","5.79"
"2023-02-11","24.42","5.61"
"2023-02-12","21.81","6.32"
"2023-02-13","27.07","8.15"
"2023-02-14","26.38","8.58"
"2023-02-15","25.81","8.51"
"2023-02-16","26.75","8.20"
"2023-02-17","33.85","5.27"
"2023-02-18","33.52","3.26"
"2023-02-19","36.15","4.01"
"2023-02-20","37.19","4.99"
"2023-02-21","36.00","4.11"
"2023-02-22","36.30","4.48"
"2023-02-23","36.51","4.67"
"2023-02-24","36.26","4.52"
"2023-02-25","33.48","6.16"
"2023-02-26","34.13","6.84"
"2023-02-27","27.89","5.96"
"2023-02-28","28.52","6.13"
"2023-03-01","34.60","6.81"
"2023-03-02","33.85","8.81"
"2023-03-03","32.01","9.40"
"2023-03-04","33.44","8.68"
"2023-03-05","32.50","8.13"
"2023-03-06","30.00","5.97"
"2023-03-07","30.84","6.10"
"2023-03-08","34.78","9.18"
"2023-03-09","33.17","8.64"
"2023-03-10","34.07","9.47"
"2023-03-11","31.72","6.10"
"2023-03-12","31.79","8.54"
"2023-03-13","29.77","4.38"
"2023-03-14","25.83","3.58"
"2023-03-15","29.33","4.03"
"2023-03-16","32.04","5.06"
"2023-03-17","36.20","5.06"
"2023-03-18","35.90","4.63"
"2023-03-19","34.64","5.30"
"2023-03-20","35.08","4.76"
"2023-03-21","33.69","7.13"
"2023-03-22","30.14","10.81"
"2023-03-23","30.57","13.69"
"2023-03-24","33.84","10.69"
"2023-03-25","31.32","12.30"
"2023-03-26","30.10","9.22"
"2023-03-27","32.92","11.05"
"2023-03-28","31.55","12.73"
"2023-03-29","34.13","11.74"
"2023-03-30","33.78","12.94"
"2023-03-31","33.73","13.81"
"2023-04-01","33.23","13.42"
"2023-04-02","30.49","13.58"
"2023-04-03","31.39","13.03"
"2023-04-04","32.83","12.04"
"2023-04-05","31.94","12.90"
"2023-04-06","31.12","13.92"
"2023-04-07","31.39","15.17"
"2023-04-08","34.67","14.65"
"2023-04-09","30.21","11.94"
"2023-04-10","26.63","12.22"
"2023-04-11","28.54","13.16"
"2023-04-12","29.24","11.22"
"2023-04-13","30.38","10.11"
"2023-04-14","31.64","12.09"
"2023-04-15","30.43","12.32"
"2023-04-16","29.53","12.93"
"2023-04-17","31.86","10.56"
"2023-04-18","31.43","10.36"
"2023-04-19","31.13","13.29"
"2023-04-20","31.70","11.00"
"2023-04-21","34.99","10.19"
"2023-04-22","32.37","7.67"
"2023-04-23","28.03","6.70"
"2023-04-24","29.62","5.26"
"2023-04-25","28.97","5.78"
"2023-04-26","21.02","4.26"
"2023-04-27","24.06","6.05"
"2023-04-28","27.13","13.03"
"2023-04-29","26.35","16.72"
"2023-04-30","27.22","18.26"
"2023-05-01","31.25","14.38"
"2023-05-02","31.56","10.53"
"2023-05-03","30.85","9.88"
"2023-05-04","35.12","9.23"
"2023-05-05","37.36","10.14"
"2023-05-06","33.30","16.65"
"2023-05-07","29.98","20.27"
"2023-05-08","31.55","18.57"
"2023-05-09","30.67","18.74"
"2023-05-10","30.25","17.25"
"2023-05-11","26.76","20.70"
"2023-05-12","29.50","22.38"
"2023-05-13","30.13","18.33"
"2023-05-14","27.85","18.47"
"2023-05-15","26.61","23.28"
"2023-05-16","24.47","20.13"
"2023-05-17","26.07","20.13"
"2023-05-18","26.96","17.96"
"2023-05-19","28.74","18.89"
"2023-05-20","29.02","21.90"
"2023-05-21","27.24","22.35"
"2023-05-22","26.95","20.75"
"2023-05-23","27.53","21.53"
"2023-05-24","26.61","22.28"
"2023-05-25","29.81","21.18"
"2023-05-26","30.14","20.02"
"2023-05-27","27.88","18.07"
"2023-05-28","29.74","18.73"
"2023-05-29","28.05","17.80"
"2023-05-30","27.53","17.30"
"2023-05-31","28.99","17.32"
"2023-06-01","30.92","16.73"
"2023-06-02","32.11","21.32"
"2023-06-03","29.06","22.65"
"2023-06-04","29.29","21.53"
"2023-06-05","32.37","23.53"
"2023-06-06","34.77","21.06"
"2023-06-07","31.74","18.20"
"2023-06-08","35.32","17.51"
"2023-06-09","34.19","20.40"
"2023-06-10","33.72","19.71"
"2023-06-11","32.82","18.09"
"2023-06-12","33.18","16.85"
"2023-06-13","30.23","20.53"
"2023-06-14","28.29","21.08"
"2023-06-15","30.10","19.50"
"2023-06-16","31.23","21.12"
"2023-06-17","30.44","19.29"
"2023-06-18","29.84","19.89"
"2023-06-19","32.81","20.46"
"2023-06-20","32.84","18.08"
"2023-06-21","32.01","17.90"
"2023-06-22","26.94","21.30"
"2023-06-23","28.46","21.37"
"2023-06-24","29.89","25.28"
"2023-06-25","30.88","22.62"
"2023-06-26","31.38","21.65"
"2023-06-27","29.93","26.14"
"2023-06-28","29.20","22.55"
"2023-06-29","29.81","19.68"
"2023-06-30","31.21","21.26"
"2023-07-01","28.95","25.51"
"2023-07-02","31.82","21.79"
"2023-07-03","31.00","20.43"
"2023-07-04","30.31","23.10"
"2023-07-05","29.23","22.62"
"2023-07-06","28.80","21.28"
"2023-07-07","26.79","21.53"
"2023-07-08","24.53","20.24"
"2023-07-09","21.89","22.28"
"2023-07-10","23.09","28.06"
"2023-07-11","25.13","29.92"
"2023-07-12","24.71","29.04"
"2023-07-13","26.35","31.21"
"2023-07-14","29.03","29.42"
"2023-07-15","25.12","26.50"
"2023-07-16","23.97","27.43"
"2023-07-17","25.78","29.58"
"2023-07-18","24.99","31.17"
"2023-07-19","25.78","34.60"
"2023-07-20","25.05","30.52"
"2023-07-21","23.01","32.00"
"2023-07-22","23.24","27.88"
"2023-07-23","20.62","29.17"
"2023-07-24","19.45","28.36"
"2023-07-25","20.88","30.10"
"2023-07-26","20.87","28.63"
"2023-07-27","25.04","27.76"
"2023-07-28","24.19","28.78"
"2023-07-29","23.09","23.66"
"2023-07-30","22.72","25.91"
"2023-07-31","25.17","20.44"
"2023-08-01","28.61","20.98"
"2023-08-02","30.89","23.75"
"2023-08-03","30.54","23.28"
"2023-08-04","31.49","22.18"
"2023-08-05","31.81","25.06"
"2023-08-06","30.10","21.49"
"2023-08-07","32.00","21.54"
"2023-08-08","29.91","24.11"
"2023-08-09","32.06","22.49"
"2023-08-10","30.25","24.11"
"2023-08-11","30.02","22.39"
"2023-08-12","27.78","20.76"
"2023-08-13","25.68","22.61"
"2023-08-14","27.31","18.40"
"2023-08-15","34.25","22.56"
"2023-08-16","36.46","20.90"
"2023-08-17","38.43","21.23"
"2023-08-18","35.28","22.18"
"2023-08-19","29.45","22.08"
"2023-08-20","28.41","21.87"
"2023-08-21","26.66","23.89"
"2023-08-22","26.91","23.24"
"2023-08-23","30.91","21.69"
"2023-08-24","26.97","17.46"
"2023-08-25","19.52","16.73"
"2023-08-26","19.50","17.09"
"2023-08-27","18.55","14.84"
"2023-08-28","19.92","24.30"
"2023-08-29","22.07","23.54"
"2023-08-30","21.40","22.34"
"2023-08-31","21.69","22.59"
"2023-09-01","18.58","20.29"
"2023-09-02","14.29","16.60"
"2023-09-03","16.09","17.54"
"2023-09-04","22.94","20.15"
"2023-09-05","23.33","21.39"
"2023-09-06","22.76","21.82"
"2023-09-07","24.49","20.81"
"2023-09-08","33.50","19.35"
"2023-09-09","26.04","19.57"
"2023-09-10","23.78","17.61"
"2023-09-11","26.82","20.15"
"2023-09-12","31.19","18.16"
"2023-09-13","28.25","18.42"
"2023-09-14","34.00","17.85"
"2023-09-15","32.70","16.40"
"2023-09-16","34.64","15.05"
"2023-09-17","31.68","14.10"
"2023-09-18","30.52","16.63"
"2023-09-19","29.58","22.48"
"2023-09-20","27.26","24.48"
"2023-09-21","29.50","17.04"
"2023-09-22","31.51","13.75"
"2023-09-23","28.91","13.84"
"2023-09-24","28.71","13.39"
"2023-09-25","21.25","14.00"
"2023-09-26","18.19","15.39"
"2023-09-27","21.90","16.50"
"2023-09-28","23.17","17.10"
"2023-09-29","21.70","17.39"
"2023-09-30","20.24","15.70"
"2023-10-01","18.00","12.78"
"2023-10-02","16.51","14.27"
"2023-10-03","16.08","13.76"
"2023-10-04","13.03","12.68"
"2023-10-05","11.72","10.91"
"2023-10-06","11.55","9.90"
"2023-10-07","23.10","9.80"
"2023-10-08","29.19","12.82"
"2023-10-09","31.80","12.68"
"2023-10-10","35.97","11.59"
"2023-10-11","34.76","11.77"
"2023-10-12","33.31","11.47"
"2023-10-13","25.73","11.98"
"2023-10-14","26.27","10.97"
"2023-10-15","23.57","7.62"
"2023-10-16","26.44","9.46"
"2023-10-17","29.72","9.88"
"2023-10-18","33.68","9.08"
"2023-10-19","36.15","10.41"
"2023-10-20","36.11","8.78"
"2023-10-21","34.09","8.25"
"2023-10-22","38.53","8.44"
"2023-10-23","39.10","9.51"
"2023-10-24","40.29","8.23"
"2023-10-25","42.02","7.14"
"2023-10-26","37.55","7.97"
"2023-10-27","41.03","6.27"
"2023-10-28","39.11","5.82"
"2023-10-29","41.84","6.19"
"2023-10-30","43.68","6.62"
"2023-10-31","43.58","6.26"
"2023-11-01","40.62","6.45"
"2023-11-02","41.66","7.60"
"2023-11-03","43.68","6.74"
"2023-11-04","34.70","7.27"
"2023-11-05","37.25","7.77"
"2023-11-06","47.82","7.45"
"2023-11-07","42.64","6.84"
"2023-11-08","41.03","6.51"
"2023-11-09","41.32","8.98"
"2023-11-10","36.25","9.96"
"2023-11-11","33.80","9.11"
"2023-11-12","34.18","9.48"
"2023-11-13","35.65","10.89"
"2023-11-14","34.80","9.58"
"2023-11-15","30.71","7.82"
"2023-11-16","29.30","7.25"
"2023-11-17","26.02","8.30"
"2023-11-18","21.77","6.62"
"2023-11-19","21.98","6.37"
"2023-11-20","19.66","6.96"
"2023-11-21","16.47","7.64"
"2023-11-22","18.61","8.13"
"2023-11-23","18.82","9.18"
"2023-11-24","18.02","7.90"
"2023-11-25","16.75","5.79"
"2023-11-26","20.07","7.16"
"2023-11-27","23.62","5.98"
"2023-11-28","25.05","7.09"
"2023-11-29","25.60","6.75"
"2023-11-30","29.83","7.59"
"2023-12-01","33.98","6.14"
"2023-12-02","32.86","5.42"
"2023-12-03","34.38","6.03"
"2023-12-04","33.45","7.47"
"2023-12-05","33.63","7.05"
"2023-12-06","33.83","7.37"
"2023-12-07","31.02","6.97"
"2023-12-08","23.81","5.68"
"2023-12-09","22.79","3.96"
"2023-12-10","19.67","3.04"
"2023-12-11","17.42","1.94"
"2023-12-12","19.15","1.89"
"2023-12-13","24.43","3.10"
"2023-12-14","26.43","4.35"
"2023-12-15","26.28","5.57"
"2023-12-16","21.42","4.70"
"2023-12-17","20.44","3.81"
"2023-12-18","20.23","4.22"
"2023-12-19","18.23","3.75"
"2023-12-20","16.94","3.78"
"2023-12-21","18.02","4.22"
"2023-12-22","16.12","4.74"
"2023-12-23","14.66","3.89"
"2023-12-24","16.90","4.12"
"2023-12-25","21.44","4.79"
"2023-12-26","20.77","3.47"
"2023-12-27","21.73","5.23"
"2023-12-28","21.63","5.21"
"2023-12-29","22.54","4.71"
"2023-12-30","22.67","3.75"
"2023-12-31","18.89","2.93"
"2024-01-01","16.33","3.68"
"2024-01-02","18.21","4.26"
"2024-01-03","22.54","3.78"
"2024-01-04","24.89","4.20"
"2024-01-05","26.38","3.73"
"2024-01-06","25.50","3.93"
"2024-01-07","26.73","3.05"
"2024-01-08","29.92","4.04"
"2024-01-09","26.87","4.45"
"2024-01-10","22.27","6.79"
"2024-01-11","22.98","5.51"
"2024-01-12","24.79","3.83"
"2024-01-13","21.84","2.88"
"2024-01-14","25.31","3.04"
"2024-01-15","27.52","4.38"
"2024-01-16","25.77","4.65"
"2024-01-17","33.01","4.61"
"2024-01-18","31.95","4.81"
"2024-01-19","30.76","5.23"
"2024-01-20","29.34","4.95"
"2024-01-21","30.45","4.76"
"2024-01-22","31.96","5.20"
"2024-01-23","32.98","6.60"
"2024-01-24","26.17","6.09"
"2024-01-25","28.17","5.83"
"2024-01-26","29.91","6.23"
"2024-01-27","27.73","4.93"
"2024-01-28","28.42","5.27"
"2024-01-29","33.72","4.89"
"2024-01-30","34.91","4.62"
"2024-01-31","34.91","4.94"
"2024-02-01","36.04","3.98"
"2024-02-02","37.79","4.30"
"2024-02-03","40.54","4.01"
"2024-02-04","33.72","3.92"
"2024-02-05","34.26","5.54"
"2024-02-06","34.45","7.36"
"2024-02-07","34.07","4.47"
"2024-02-08","33.76","7.14"
"2024-02-09","31.64","5.01"
"2024-02-10","31.11","6.55"
"2024-02-11","32.09","7.11"
"2024-02-12","25.72","6.21"
"2024-02-13","24.74","3.07"
"2024-02-14","24.49","2.42"
"2024-02-15","24.65","2.33"
"2024-02-16","25.46","5.99"
"2024-02-17","26.94","1.74"
"2024-02-18","30.53","1.87"
"2024-02-19","30.15","1.93"
"2024-02-20","29.77","1.46"
"2024-02-21","31.17","1.57"
"2024-02-22","32.84","1.73"
"2024-02-23","32.69","1.75"
"2024-02-24","25.39","1.91"
"2024-02-25","19.08","1.95"
"2024-02-26","22.44","1.95"
"2024-02-27","26.32","2.81"
"2024-02-28","29.23","3.87"
"2024-02-29","29.62","3.74"
"2024-03-01","29.58","2.92"
"2024-03-02","24.26","2.74"
"2024-03-03","21.53","2.62"
"2024-03-04","24.00","2.46"
"2024-03-05","24.17","1.45"
"2024-03-06","22.99","2.12"
"2024-03-07","23.43","2.93"
"2024-03-08","24.74","3.96"
"2024-03-09","28.41","3.42"
"2024-03-10","32.47","2.08"
"2024-03-11","35.02","2.52"
"2024-03-12","36.46","4.91"
"2024-03-13","35.65","5.21"
"2024-03-14","32.42","4.95"
"2024-03-15","30.85","4.32"
"2024-03-16","31.27","3.43"
"2024-03-17","30.35","3.93"
"2024-03-18","29.68","5.42"
"2024-03-19","27.94","4.50"
"2024-03-20","23.75","2.72"
"2024-03-21","21.10","3.98"
"2024-03-22","28.58","2.24"
"2024-03-23","29.95","2.01"
"2024-03-24","27.21","1.05"
"2024-03-25","29.12","1.31"
"2024-03-26","27.61","1.40"
"2024-03-27","29.37","1.32"
"2024-03-28","28.33","1.43"
"2024-03-29","30.69","1.31"
"2024-03-30","27.22","1.24"
"2024-03-31","27.49","0.72"
"2024-04-01","32.61","1.01"
"2024-04-02","30.36","1.08"
"2024-04-03","24.70","0.96"
"2024-04-04","22.67","0.95"
"2024-04-05","23.55","1.00"
"2024-04-06","24.15","1.12"
"2024-04-07","22.41","1.02"
"2024-04-08","17.75","1.00"
"2024-04-09","15.49","0.85"
"2024-04-10","18.54","0.19"
"2024-04-11","23.01","0.32"
"2024-04-12","23.03","0.40"
"2024-04-13","22.62","0.58"
"2024-04-14","21.74","0.53"
"2024-04-15","26.22","0.65"
"2024-04-16","28.85","0.62"
"2024-04-17","31.26","0.72"
"2024-04-18","29.63","0.86"
"2024-04-19","23.20","0.79"
"2024-04-20","22.54","0.92"
"2024-04-21","22.02","0.83"
"2024-04-22","13.73","0.99"
"2024-04-23","10.87","0.51"
"2024-04-24","17.25","0.71"
"2024-04-25","27.01","0.86"
"2024-04-26","29.91","1.30"
"2024-04-27","31.71","0.97"
"2024-04-28","29.32","1.19"
"2024-04-29","25.58","1.29"
"2024-04-30","19.50","2.18"
"2024-05-01","23.61","2.64"
"2024-05-02","26.65","2.79"
"2024-05-03","22.49","2.77"
"2024-05-04","20.14","2.81"
"2024-05-05","21.76","2.92"
"2024-05-06","27.01","2.69"
"2024-05-07","31.78","2.86"
"2024-05-08","26.27","3.67"
"2024-05-09","23.98","3.72"
"2024-05-10","25.68","4.06"
"2024-05-11","25.75","4.90"
"2024-05-12","26.53","4.58"
"2024-05-13","25.37","4.13"
"2024-05-14","20.85","4.14"
"2024-05-15","17.79","3.67"
"2024-05-16","20.43","3.64"
"2024-05-17","21.68","3.31"
"2024-05-18","22.15","3.69"
"2024-05-19","23.04","3.70"
"2024-05-20","23.35","3.48"
"2024-05-21","25.11","3.45"
"2024-05-22","30.57","2.41"
"2024-05-23","34.77","2.11"
"2024-05-24","32.08","2.17"
"2024-05-25","24.71","2.06"
"2024-05-26","25.50","1.99"
"2024-05-27","24.03","1.94"
"2024-05-28","27.14","1.87"
"2024-05-29","25.98","1.49"
"2024-05-30","21.22","1.51"
"2024-05-31","20.35","2.07"
"2024-06-01","20.47","2.07"
"2024-06-02","20.49","2.06"
"2024-06-03","24.40","2.02"
"2024-06-04","30.10","2.04"
"2024-06-05","29.90","1.97"
"2024-06-06","31.49","1.95"
"2024-06-07","30.76","2.00"
"2024-06-08","28.13","1.88"
"2024-06-09","22.96","1.59"
"2024-06-10","18.56","1.52"
"2024-06-11","15.75","1.92"
"2024-06-12","16.56","1.97"
"2024-06-13","18.35","1.79"
"2024-06-14","20.73","2.36"
"2024-06-15","20.48","2.20"
"2024-06-16","21.08","2.52"
"2024-06-17","25.28","3.69"
"2024-06-18","27.01","4.64"
"2024-06-19","27.24","3.42"
"2024-06-20","24.93","3.69"
"2024-06-21","19.04","2.94"
"2024-06-22","17.57","3.97"
"2024-06-23","18.19","3.77"
"2024-06-24","21.15","3.71"
"2024-06-25","18.34","4.92"
"2024-06-26","20.21","4.36"
"2024-06-27","22.06","3.83"
"2024-06-28","19.90","3.94"
"2024-06-29","20.42","3.27"
"2024-06-30","21.83","3.83"
"2024-07-01","25.45","3.81"
"2024-07-02","28.00","4.52"
"2024-07-03","24.50","4.17"
"2024-07-04","21.46","4.29"
"2024-07-05","18.56","5.02"
"2024-07-06","16.41","4.87"
"2024-07-07","19.20","2.72"
"2024-07-08","21.81","4.42"
"2024-07-09","20.88","5.01"
"2024-07-10","25.02","4.56"
"2024-07-11","24.04","4.87"
"2024-07-12","26.94","4.35"
"2024-07-13","27.01","3.67"
"2024-07-14","24.73","3.34"
"2024-07-15","29.84","4.68"
"2024-07-16","31.17","5.08"
"2024-07-17","26.88","4.58"
"2024-07-18","24.63","3.41"
"2024-07-19","26.78","4.15"
"2024-07-20","26.20","3.54"
"2024-07-21","23.28","3.54"
"2024-07-22","24.19","2.42"
"2024-07-23","28.82","1.27"
"2024-07-24","31.93","0.91"
"2024-07-25","31.62","1.37"
"2024-07-26","30.45","1.34"
"2024-07-27","31.73","1.40"
"2024-07-28","30.20","1.19"
"2024-07-29","29.56","0.58"
"2024-07-30","30.80","1.41"
"2024-07-31","33.21","1.59"
"2024-08-01","34.24","1.40"
"2024-08-02","30.76","1.93"
"2024-08-03","25.32","1.65"
"2024-08-04","23.21","1.03"
"2024-08-05","11.40","0.34"
"2024-08-06","23.93","0.64"
"2024-08-07","25.79","0.82"
"2024-08-08","30.74","2.80"
"2024-08-09","34.19","3.38"
"2024-08-10","28.93","1.56"
"2024-08-11","30.76","3.09"
"2024-08-12","27.53","5.42"
"2024-08-13","32.78","4.50"
"2024-08-14","31.74","4.85"
"2024-08-15","29.35","5.80"
"2024-08-16","32.81","6.36"
"2024-08-17","29.26","6.99"
"2024-08-18","32.85","5.61"
"2024-08-19","33.77","4.27"
"2024-08-20","27.60","3.50"
"2024-08-21","29.41","4.72"
"2024-08-22","33.87","5.07"
"2024-08-23","22.43","5.09"
"2024-08-24","18.67","3.48"
"2024-08-25","23.53","3.26"
"2024-08-26","24.47","3.39"
"2024-08-27","24.88","2.76"
"2024-08-28","25.55","3.38"
"2024-08-29","26.51","4.00"
"2024-08-30","25.14","2.99"
"2024-08-31","23.09","2.16"
"2024-09-01","25.51","2.51"
"2024-09-02","33.92","3.15"
"2024-09-03","34.72","3.22"
"2024-09-04","32.41","2.78"
"2024-09-05","33.05","2.12"
"2024-09-06","34.12","1.42"
"2024-09-07","32.20","1.42"
"2024-09-08","27.63","1.46"
"2024-09-09","33.84","1.48"
"2024-09-10","32.90","1.41"
"2024-09-11","35.83","1.54"
"2024-09-12","35.21","1.85"
"2024-09-13","33.32","2.95"
"2024-09-14","32.46","3.22"
"2024-09-15","29.90","3.24"
"2024-09-16","19.57","3.17"
"2024-09-17","27.67","3.25"
"2024-09-18","35.47","3.24"
"2024-09-19","35.41","2.99"
"2024-09-20","35.13","2.60"
"2024-09-21","34.70","2.69"
"2024-09-22","33.80","3.30"
"2024-09-23","36.34","3.32"
"2024-09-24","34.66","2.63"
"2024-09-25","30.50","2.74"
"2024-09-26","28.09","3.02"
"2024-09-27","30.55","1.62"
"2024-09-28","22.69","1.74"
"2024-09-29","33.50","1.59"
"2024-09-30","34.42","1.52"
"2024-10-01","36.56","1.54"
"2024-10-02","30.75","1.20"
"2024-10-03","34.95","0.68"
"2024-10-04","33.92","0.48"
"2024-10-05","30.42","0.62"
"2024-10-06","26.36","1.27"
"2024-10-07","32.58","1.44"
"2024-10-08","34.34","1.81"
"2024-10-09","37.27","2.33"
"2024-10-10","33.73","1.84"
"2024-10-11","33.29","2.19"
"2024-10-12","31.68","2.08"
"2024-10-13","37.30","1.57"
"2024-10-14","36.43","1.49"
"2024-10-15","32.09","1.17"
"2024-10-16","36.07","1.90"
"2024-10-17","30.41","1.70"
"2024-10-18","27.76","0.64"
"2024-10-19","27.35","0.57"
"2024-10-20","27.70","0.53"
"2024-10-21","28.50","0.54"
"2024-10-22","25.53","0.46"
"2024-10-23","22.45","0.44"
"2024-10-24","27.76","1.25"
"2024-10-25","23.94","3.87"
"2024-10-26","20.48","0.99"
"2024-10-27","20.51","1.38"
"2024-10-28","20.81","1.73"
"2024-10-29","25.91","3.51"
"2024-10-30","26.17","4.47"
"2024-10-31","27.41","5.05"
"2024-11-01","23.35","4.97"
"2024-11-02","23.67","4.78"
"2024-11-03","26.76","5.04"
"2024-11-04","29.59","4.54"
"2024-11-05","32.12","3.45"
"2024-11-06","30.79","3.95"
"2024-11-07","31.18","2.28"
"2024-11-08","30.57","2.31"
"2024-11-09","33.22","5.10"
"2024-11-10","31.56","4.58"
"2024-11-11","30.09","3.72"
"2024-11-12","33.70","5.28"
"2024-11-13","34.15","5.09"
"2024-11-14","29.82","4.32"
"2024-11-15","27.10","5.10"
"2024-11-16","31.53","4.92"
"2024-11-17","25.51","3.44"
"2024-11-18","29.49","2.13"
"2024-11-19","24.39","2.17"
"2024-11-20","23.42","3.85"
"2024-11-21","25.47","5.20"
"2024-11-22","28.14","5.29"
"2024-11-23","28.84","5.31"
"2024-11-24","28.96","4.73"
"2024-11-25","28.57","4.55"
"2024-11-26","31.04","4.05"
"2024-11-27","30.77","2.41"
"2024-11-28","30.82","1.61"
"2024-11-29","28.86","2.45"
"2024-11-30","28.64","3.11"
"2024-12-01","31.54","2.57"
"2024-12-02","30.58","2.77"
"2024-12-03","30.43","2.39"
"2024-12-04","24.84","1.78"
"2024-12-05","26.68","1.35"
"2024-12-06","26.46","2.08"
"2024-12-07","24.58","2.46"
"2024-12-08","29.03","2.70"
"2024-12-09","27.91","2.98"
"2024-12-10","29.35","2.68"
"2024-12-11","28.42","2.98"
"2024-12-12","28.83","3.34"
"2024-12-13","33.10","3.02"
"2024-12-14","33.05","3.14"
"2024-12-15","32.46","2.81"
"2024-12-16","32.97","3.16"
"2024-12-17","31.11","1.93"
"2024-12-18","30.63","2.04"
"2024-12-19","28.37","2.82"
"2024-12-20","31.18","3.82"
"2024-12-21","26.74","3.80"
"2024-12-22","27.38","3.32"
"2024-12-23","28.24","3.86"
"2024-12-24","31.65","3.80"
"2024-12-25","32.27","3.78"
"2024-12-26","34.97","3.77"
"2024-12-27","32.15","3.74"
"2024-12-28","29.48","3.85"
"2024-12-29","28.21","4.05"
"2024-12-30","28.85","4.06"
"2024-12-31","24.05","4.42"
"2025-01-01","23.55","3.63"
"2025-01-02","28.64","3.34"
"2025-01-03","27.59","3.44"
"2025-01-04","22.69","3.20"
"2025-01-05","22.53","3.15"
"2025-01-06","23.40","3.71"
"2025-01-07","27.80","3.71"
"2025-01-08","22.97","3.60"
"2025-01-09","22.15","3.65"
"2025-01-10","28.27","3.66"
"2025-01-11","27.67","3.53"
"2025-01-12","29.78","3.72"
"2025-01-13","30.28","3.90"
"2025-01-14","22.83","3.73"
"2025-01-15","21.53","3.84"
"2025-01-16","23.90","3.74"
"2025-01-17","27.19","3.66"
"2025-01-18","26.94","3.66"
"2025-01-19","28.28","3.72"
"2025-01-20","26.16","3.76"
"2025-01-21","21.01","2.95"
"2025-01-22","17.17","2.48"
"2025-01-23","16.58","2.15"
"2025-01-24","18.48","2.08"
"2025-01-25","22.91","2.06"
"2025-01-26","21.37","2.08"
"2025-01-27","13.31","1.76"
"2025-01-28","14.66","2.05"
"2025-01-29","14.32","2.04"
"2025-01-30","12.09","2.00"
"2025-01-31","13.17","1.85"
"2025-02-01","14.12","2.62"
"2025-02-02","12.46","3.24"
"2025-02-03","10.74","3.27"
"2025-02-04","14.46","3.30"
"2025-02-05","19.36","3.27"
"2025-02-06","19.50","3.32"
"2025-02-07","19.38","3.36"
"2025-02-08","29.65","3.04"
"2025-02-09","28.89","2.78"
"2025-02-10","27.09","1.91"
"2025-02-11","27.61","2.91"
"2025-02-12","23.74","2.85"
"2025-02-13","17.25","2.90"
"2025-02-14","20.64","2.96"
"2025-02-15","22.14","2.90"
"2025-02-16","21.57","2.87"
"2025-02-17","25.17","2.84"
"2025-02-18","23.84","2.83"
"2025-02-19","22.44","2.11"
"2025-02-20","22.98","2.88"
"2025-02-21","25.10","2.79"
"2025-02-22","23.10","2.75"
"2025-02-23","26.44","2.87"
"2025-02-24","24.33","2.82"
"2025-02-25","24.91","2.79"
"2025-02-26","30.27","2.48"
"2025-02-27","32.21","2.71"
"2025-02-28","28.51","2.23"
"2025-03-01","22.26","2.86"
"2025-03-02","22.45","2.83"
"2025-03-03","30.66","2.79"
"2025-03-04","34.73","2.59"
"2025-03-05","26.00","2.32"
"2025-03-06","21.87","2.64"
"2025-03-07","28.78","2.75"
"2025-03-08","27.21","2.78"
"2025-03-09","27.72","1.92"
"2025-03-10","33.34","1.44"
"2025-03-11","27.91","1.56"
"2025-03-12","30.22","1.51"
"2025-03-13","28.73","1.56"
"2025-03-14","27.32","1.60"
"2025-03-15","28.89","1.59"
"2025-03-16","31.72","1.42"
"2025-03-17","25.20","0.78"
"2025-03-18","28.72","0.70"
"2025-03-19","25.51","0.99"
"2025-03-20","25.57","2.59"
"2025-03-21","25.63","2.97"
"2025-03-22","27.30","2.29"
"2025-03-23","33.93","3.24"
"2025-03-24","31.92","2.62"
"2025-03-25","28.03","1.89"
"2025-03-26","31.26","3.18"
"2025-03-27","28.06","2.82"
"2025-03-28","31.57","2.54"
"2025-03-29","26.63","2.27"
"2025-03-30","25.83","2.09"
"2025-03-31","28.23","3.46"
"2025-04-01","28.13","4.57"
"2025-04-02","32.74","2.45"
"2025-04-03","25.60","1.76"
"2025-04-04","27.70","2.71"
"2025-04-05","29.77","1.88"
"2025-04-06","29.59","1.46"
"2025-04-07","34.79","0.97"
"2025-04-08","30.66","3.10"
"2025-04-09","31.12","3.95"
"2025-04-10","32.38","4.76"
"2025-04-11","29.60","4.21"
"2025-04-12","34.02","2.96"
"2025-04-13","29.96","3.20"
"2025-04-14","26.94","3.78"
"2025-04-15","27.10","4.55"
"2025-04-16","29.16","4.29"
"2025-04-17","26.30","4.72"
"2025-04-18","27.46","4.23"
"2025-04-19","36.36","3.16"
"2025-04-20","36.65","2.97"
"2025-04-21","34.10","3.17"
"2025-04-22","28.73","3.93"
"2025-04-23","31.15","4.02"
"2025-04-24","33.60","4.96"
"2025-04-25","38.02","5.00"
"2025-04-26","30.88","4.68"
"2025-04-27","6.44","1.14"
"2025-04-28","31.03","4.95"
"2025-04-29","30.52","4.83"
"2025-04-30","35.41","4.73"
"2025-05-01","38.58","3.71"
"2025-05-02","33.12","4.17"
"2025-05-03","41.68","4.85"
"2025-05-04","40.36","5.17"
"2025-05-05","37.50","5.30"
"2025-05-06","43.62","5.06"
"2025-05-07","42.40","4.84"
"2025-05-08","43.40","4.52"
"2025-05-09","39.92","3.00"
"2025-05-10","37.24","3.51"
"2025-05-11","37.23","3.02"
"2025-05-12","36.61","3.65"
"2025-05-13","32.98","3.90"
"2025-05-14","31.81","4.14"
"2025-05-15","30.57","3.29"
"2025-05-16","32.12","4.08"
"2025-05-17","31.02","4.37"
"2025-05-18","31.69","4.33"
"2025-05-19","29.92","4.43"
"2025-05-20","31.23","4.48"
"2025-05-21","31.07","4.36"
"2025-05-22","35.48","4.06"
"2025-05-23","32.99","4.56"
"2025-05-24","29.65","4.37"
"2025-05-25","29.48","4.45"
